week,defteam,noruns,nopass,noplays,touchdown,yards_gained,yards_passing,interception,sack,qb_hits,incomplete_pass,complete_pass,yards_receiving,touchdown_rush,touchdown_pass,yards_rushing,yards_after_catch,air_yards,air_yards2,epa
1,ARI,25,33,61,2,366,259,0,3,6,14,19,259,0,2,123,161,220,98,-2.83265634431391
1,ATL,20,35,58,5,383,322,0,3,9,4,31,322,1,4,84,160,205,162,18.4017207008825
1,BAL,27,39,68,1,306,189,1,2,6,17,21,189,0,1,138,34,358,155,-16.4293415714336
1,BUF,15,35,51,2,254,215,1,3,4,13,21,215,1,1,52,139,257,76,-8.44052137347792
1,CAR,31,30,61,4,372,239,0,0,0,8,22,239,3,1,133,158,166,81,15.0756779395264
1,CHI,29,42,71,2,426,297,1,1,6,17,24,297,1,1,138,129,372,168,-1.00213374802836
1,CIN,39,30,71,1,362,208,0,2,4,14,16,208,1,0,155,80,335,128,-6.21882854469013
1,CLE,30,26,58,5,381,284,0,2,4,5,21,284,2,3,111,77,257,207,11.6342701098362
1,DAL,40,31,72,2,422,275,1,1,3,10,20,275,2,0,153,195,140,80,1.6936029748686
1,DEN,34,43,78,2,377,249,0,1,7,14,29,249,0,2,130,96,266,153,8.17215465594378
1,DET,28,36,65,3,363,242,0,1,5,16,20,242,0,3,149,81,349,161,7.23818732849844
1,GNB,22,25,49,4,382,259,1,2,4,5,19,259,2,2,134,72,267,187,12.9600120622839
1,HOU,34,32,67,4,369,211,0,1,3,8,24,211,1,3,166,133,147,78,14.3226077463646
1,IND,23,20,47,3,241,173,0,4,4,1,19,173,0,3,91,98,89,75,6.15406756103829
1,JAC,22,46,69,2,445,363,2,1,6,8,36,363,1,1,88,212,289,151,1.77861682832262
1,KAN,22,32,58,3,360,253,1,4,6,11,20,253,2,1,118,132,283,121,9.78399233206762
1,LAC,28,36,66,1,295,193,1,3,6,12,23,193,1,0,122,83,291,110,-14.8252344065013
1,LAR,27,39,69,2,380,266,0,3,7,14,25,266,1,1,136,114,283,152,-1.36874030933904
1,LVR,30,34,65,3,388,269,0,1,3,12,22,269,2,1,129,137,279,132,6.96198653367498
1,MIA,42,19,63,3,357,155,0,2,3,4,15,155,3,0,217,88,101,67,10.1845417748055
1,MIN,32,44,76,5,522,364,0,0,2,12,32,364,1,4,158,155,391,209,23.5100873921861
1,NOR,26,36,65,4,310,239,2,3,6,11,23,239,1,2,86,90,292,149,-9.40734760073018
1,NWE,27,30,58,1,269,191,3,1,5,7,20,191,1,0,87,59,251,132,-11.0515667284151
1,NYG,30,32,64,3,349,229,0,2,5,11,21,229,0,3,141,105,221,124,9.7212849943946
1,NYJ,32,46,81,3,404,312,0,3,4,13,33,312,1,2,98,137,279,175,0.67607813361907
1,PHI,36,31,70,3,239,178,0,3,8,14,17,178,2,1,80,95,248,83,-13.8583592254766
1,PIT,20,41,64,2,291,279,2,3,8,13,26,279,0,2,29,116,232,163,-8.23558624320648
1,SEA,21,54,77,3,506,450,1,2,8,16,37,450,1,2,72,106,524,344,0.0357722726256862
1,SFO,36,40,77,3,404,230,1,2,3,13,26,230,2,1,180,133,192,97,5.91689875710502
1,TAM,34,31,66,3,271,198,0,1,3,12,19,198,1,2,82,116,166,82,-14.2161159242621
1,TEN,26,33,59,2,323,216,0,0,5,11,22,216,1,1,107,133,303,83,-5.00688332249411
1,WAS,17,42,67,2,265,270,2,8,13,16,24,270,0,2,57,113,520,157,-20.490868219298
2,ARI,23,33,60,2,316,223,0,4,8,14,19,223,1,1,117,134,283,89,-2.55418708038306
2,ATL,31,49,80,5,570,450,0,1,4,15,34,450,4,1,125,205,381,245,6.7622948563541
2,BAL,17,36,56,2,304,275,1,4,11,10,25,275,0,1,51,112,283,163,-11.2367893349799
2,BUF,22,47,71,3,410,328,0,3,10,16,31,328,1,2,99,121,313,207,10.2740004207938
2,CAR,22,35,57,4,339,217,1,0,1,11,23,217,3,1,122,110,234,107,-1.12440805833993
2,CHI,18,40,60,1,295,241,1,4,4,14,25,241,1,0,75,80,254,161,-6.41303406286804
2,CIN,35,23,58,5,434,219,1,0,0,6,16,219,3,2,215,73,210,146,17.7546210279979
2,CLE,24,61,87,3,353,316,0,3,7,24,37,316,0,3,68,127,486,189,6.38297982812418
2,DAL,34,37,72,4,380,273,0,1,4,13,24,273,0,4,113,105,377,168,9.15381081029316
2,DEN,22,41,64,3,410,311,1,1,3,11,29,311,1,2,109,168,233,143,-9.93728437296363
2,DET,35,30,66,4,488,240,0,1,3,12,18,240,2,2,259,100,277,140,22.3177264983016
2,GNB,21,33,58,4,307,244,1,4,6,12,20,244,1,2,89,138,257,106,-2.06254082077066
2,HOU,37,24,65,2,407,204,0,4,5,6,18,204,1,1,230,103,190,101,10.3126675429742
2,IND,18,26,46,1,175,113,3,3,6,12,11,113,1,0,80,19,312,94,-14.4085986342093
2,JAC,34,24,59,4,354,239,0,1,4,6,18,239,0,4,123,89,191,150,13.7949375807395
2,KAN,44,33,78,2,479,311,1,2,7,10,22,311,1,1,183,185,283,126,3.08763541555811
2,LAC,22,47,70,2,414,302,0,1,8,20,27,302,0,2,125,116,339,186,7.33753040920926
2,LAR,26,43,69,2,363,242,2,0,3,15,26,242,2,0,121,111,281,131,-5.53622275509683
2,LVR,19,38,57,3,424,312,1,0,7,11,26,312,2,1,112,213,196,99,10.2065857194792
2,MIA,23,35,59,4,523,415,0,1,3,11,24,415,0,4,112,154,362,261,21.034442621141
2,MIN,40,25,67,2,354,214,1,2,2,5,19,214,1,1,151,108,219,106,-0.247046007895931
2,NOR,35,38,76,4,377,284,0,3,4,10,28,284,1,3,116,147,265,137,8.81366499221312
2,NWE,30,28,61,6,429,288,1,2,7,6,21,288,0,5,154,133,258,155,13.0279964357615
2,NYG,32,28,64,2,304,190,2,4,5,8,18,190,0,2,135,71,239,119,-0.980402828860594
2,NYJ,29,27,59,4,359,202,1,3,11,4,22,202,2,2,182,125,134,77,10.363353594207
2,PHI,39,27,67,5,449,267,0,1,3,7,20,267,2,3,191,109,221,158,25.7395186623969
2,PIT,26,39,72,2,319,276,1,7,18,19,19,276,0,2,104,61,515,215,-14.6954601443933
2,SEA,25,44,70,3,464,397,1,1,5,13,30,397,2,1,67,126,351,271,14.3598362682771
2,SFO,29,32,62,1,277,179,0,1,6,11,21,179,0,1,104,99,144,80,-12.1214304269697
2,TAM,24,42,71,2,427,367,2,5,7,7,33,367,2,0,87,149,309,218,-10.2921183104645
2,TEN,27,45,74,4,480,339,2,2,5,13,30,339,1,3,165,96,393,243,18.8272862356315
2,WAS,32,38,73,3,438,286,1,3,2,11,26,286,2,1,160,120,352,166,8.2691633416303
3,ARI,27,31,62,2,322,270,0,4,6,9,22,270,0,2,90,151,220,119,1.98251604393786
3,ATL,25,51,78,4,437,316,2,2,9,20,29,316,0,4,130,152,532,164,0.728651744259112
3,BAL,31,42,73,5,517,385,0,0,4,11,31,385,1,4,132,178,346,207,23.5058193389957
3,BUF,32,32,66,4,478,321,1,2,6,8,23,321,2,2,167,154,185,167,21.187336491602
3,CAR,23,49,73,2,436,330,1,2,8,13,35,330,1,1,117,186,296,144,-7.92579008451441
3,CHI,25,38,65,3,371,238,1,2,7,18,19,238,2,1,144,77,423,161,-1.92261168706201
3,CIN,36,47,86,2,378,225,2,3,5,16,29,225,1,1,172,104,353,121,-3.34543988342046
3,CLE,22,37,62,3,309,224,3,3,3,13,21,224,1,2,103,145,245,79,-7.15545575565193
3,DAL,26,40,70,5,412,315,0,4,8,13,27,315,0,5,117,74,394,241,4.04133697159705
3,DEN,25,38,65,3,353,297,0,2,6,13,25,297,0,3,68,111,311,186,9.19952946687413
3,DET,27,35,63,3,377,270,3,1,2,9,23,270,1,2,109,119,332,151,-0.212294080178253
3,GNB,20,36,57,3,397,288,0,2,2,7,29,288,0,3,122,163,152,125,6.85088473479483
3,HOU,38,36,76,3,387,237,0,2,5,13,23,237,1,2,169,140,323,97,4.91600769985419
3,IND,29,29,60,3,260,168,3,2,7,9,17,168,0,1,109,122,182,46,-25.4692773325369
3,JAC,36,20,57,4,294,160,0,1,5,2,18,160,2,2,138,46,144,114,9.9681332360783
3,KAN,21,28,53,1,228,97,0,4,5,13,15,97,0,1,158,32,260,65,-6.15219770387355
3,LAC,21,28,51,1,302,235,0,2,2,6,22,235,0,1,81,136,138,99,-5.15475204939761
3,LAR,21,33,58,5,375,311,1,4,7,8,24,311,1,4,101,140,307,171,11.3121776638145
3,LVR,38,28,68,3,406,162,1,2,4,10,17,162,2,1,250,126,129,36,7.16110209839547
3,MIA,17,42,63,2,318,275,1,4,9,11,30,275,2,0,72,161,313,114,-10.0294935613929
3,MIN,34,37,73,2,444,321,1,2,7,13,23,321,2,0,134,88,363,233,1.44978016974929
3,NOR,26,32,59,4,369,283,0,1,3,11,21,283,1,3,98,151,288,132,9.29927822878195
3,NWE,22,32,56,3,375,261,0,2,5,8,24,261,0,2,126,115,247,146,-4.19188766713568
3,NYG,35,36,73,4,420,343,0,2,9,11,25,343,3,1,93,141,284,202,23.2986767593655
3,NYJ,31,25,56,2,353,234,0,0,1,6,19,234,1,1,119,119,143,115,3.39923470039312
3,PHI,17,44,69,2,295,312,0,8,17,13,31,312,0,2,39,123,390,189,-0.121846539050719
3,PIT,15,27,47,3,260,264,1,5,11,7,19,264,1,2,29,82,285,182,2.06127261323854
3,SEA,21,57,80,4,522,472,2,2,10,18,37,472,1,3,61,186,458,286,11.6874719820121
3,SFO,15,32,49,0,231,179,1,2,6,14,17,179,0,0,66,39,284,140,-15.7662458534538
3,TAM,14,39,59,1,226,229,2,6,10,12,25,229,0,1,42,92,262,137,-16.252187008178
3,TEN,33,27,62,4,464,251,2,2,11,9,16,251,1,3,226,121,237,130,3.68119181987083
3,WAS,37,23,62,4,300,156,0,2,4,7,16,156,2,2,158,66,189,90,4.57411593228554
4,ARI,35,37,72,4,444,276,1,0,3,10,26,276,2,2,168,173,228,103,18.0317328050461
4,ATL,26,33,60,4,403,327,0,1,1,6,27,327,0,4,88,173,285,154,16.9657940604775
4,BAL,22,45,70,2,343,314,0,3,9,13,32,314,2,0,69,204,200,110,-2.15608582458966
4,BUF,23,44,68,2,383,311,0,2,4,12,32,311,0,2,86,138,267,173,-1.90678613588798
4,CAR,23,31,55,3,262,133,0,1,3,7,24,133,0,3,129,63,213,70,4.37652384959802
4,CHI,38,29,68,1,289,190,0,1,3,13,16,190,0,1,103,73,230,117,-1.15236083738868
4,CIN,20,40,62,2,429,351,1,3,4,12,27,351,0,2,89,146,304,205,10.122805100699
4,CLE,18,58,79,5,566,502,1,3,2,16,41,502,1,4,85,235,511,267,9.22992126102326
4,DAL,40,31,72,6,508,202,0,2,2,11,20,202,3,3,307,44,295,158,27.1000286742352
4,DEN,24,44,74,1,321,246,0,6,9,19,25,246,1,0,129,68,439,178,-12.2458982709982
4,DET,42,25,69,5,392,246,1,2,6,5,19,246,3,2,164,90,233,156,17.2745078731095
4,GNB,25,39,68,2,327,285,0,4,7,11,28,285,2,0,78,111,369,174,2.61232456193011
4,HOU,40,22,65,4,410,260,0,3,8,6,16,260,3,1,162,94,276,166,16.0566877560845
4,IND,16,42,59,1,269,249,1,1,5,15,26,249,0,1,28,71,373,178,-9.93788058316699
4,JAC,34,36,71,3,505,300,1,1,5,10,25,300,2,1,205,130,370,170,16.2997049600506
4,KAN,35,37,74,2,357,190,3,2,6,14,20,190,0,1,185,87,296,103,-15.606473790926
4,LAC,27,46,73,6,484,369,1,0,6,15,30,369,0,5,115,109,431,260,11.016513840862
4,LAR,25,36,66,0,295,190,1,5,8,12,23,190,0,0,136,118,209,72,-11.6070724516497
4,LVR,24,34,59,4,337,288,0,1,6,10,24,288,2,2,63,77,229,211,13.5090845696318
4,MIA,26,34,62,4,441,360,1,2,5,9,24,360,2,2,98,168,305,192,12.428946404761
4,MIN,26,33,62,2,386,300,0,3,4,13,20,300,0,2,96,102,300,198,1.51803419893888
4,NOR,22,31,56,4,281,206,1,3,7,13,17,206,1,3,90,75,325,131,2.64845391747076
4,NWE,25,29,55,2,323,236,0,1,1,10,19,236,0,2,94,152,235,84,2.85534336928427
4,NYG,23,32,57,2,240,200,0,2,5,7,25,200,1,1,58,118,196,82,-5.41706267596196
4,NYJ,32,31,63,5,359,242,3,0,5,9,19,242,2,2,117,60,302,182,-2.08697217285232
4,PHI,20,45,69,4,417,338,2,5,14,11,32,338,2,1,116,168,259,170,-5.11713382782182
4,SEA,22,45,69,1,415,315,2,1,5,14,29,315,1,0,103,139,341,176,3.5073298531316
4,SFO,28,28,59,2,267,193,1,3,9,9,18,193,1,1,93,111,159,82,-5.59392710389992
4,TAM,23,25,50,3,324,290,1,2,6,4,20,290,0,3,46,161,193,129,5.87063287713512
4,WAS,32,23,56,4,350,208,2,1,3,6,15,208,2,2,144,54,363,154,12.461636781829
5,ARI,28,33,64,1,285,195,0,3,6,15,18,195,0,1,123,95,322,100,-8.60954617960283
5,ATL,27,36,63,2,437,313,0,0,4,9,27,313,0,2,124,178,218,135,15.1642438133685
5,BAL,28,30,65,1,205,183,1,7,15,10,19,183,0,0,70,85,220,98,-32.2882112270578
5,BUF,34,28,62,6,334,195,0,0,2,7,21,195,3,3,139,69,181,126,17.8071033797751
5,CAR,24,37,62,1,373,226,1,2,4,15,21,226,1,0,166,84,284,142,3.41961447897212
5,CHI,20,41,64,1,339,253,0,3,8,16,25,253,0,1,106,100,383,153,-0.831128057525932
5,CIN,24,37,62,2,332,180,1,1,6,17,19,180,0,2,161,84,318,96,-4.22934487440005
5,CLE,18,33,52,2,308,243,2,1,5,10,21,243,1,0,68,101,263,142,-2.27330811210952
5,DAL,27,33,62,3,300,222,0,2,9,13,20,222,2,0,89,111,194,111,-0.899922010748066
5,HOU,20,49,73,2,364,301,0,4,5,18,31,301,0,2,75,158,295,143,-3.81160100136015
5,IND,33,38,72,2,385,265,2,1,3,14,22,265,0,2,124,81,340,184,2.65446832107926
5,JAC,22,35,58,3,486,359,2,1,5,8,25,359,0,3,129,136,366,223,11.6454923381779
5,KAN,35,31,67,5,490,347,1,1,4,8,22,347,2,3,144,181,271,166,18.9194682611245
5,LAC,25,48,75,3,408,325,1,2,7,14,33,325,2,1,95,100,327,225,-2.98069205617314
5,LAR,14,30,52,1,108,111,0,8,8,12,18,111,1,0,38,102,139,9,-22.8925733925368
5,LVR,20,43,66,4,413,340,1,3,5,20,22,340,2,2,80,161,440,179,10.0159531583186
5,MIA,19,35,59,2,259,171,2,5,9,17,16,171,1,1,131,93,316,78,-17.9315514086924
5,MIN,16,32,52,4,314,217,1,4,9,11,20,217,1,3,124,74,391,143,4.54390618254547
5,NOR,32,33,68,4,345,259,0,3,11,14,19,259,0,4,111,98,379,161,0.679783244683818
5,NYG,29,33,64,4,402,288,1,2,4,8,24,288,2,1,126,103,237,185,1.8694807697597
5,NYJ,30,37,67,4,496,380,1,1,1,9,27,380,3,1,127,152,336,228,15.0281424925184
5,PHI,32,34,67,5,367,239,0,1,2,7,27,239,2,3,136,138,196,101,14.0285337628402
5,PIT,16,36,57,4,336,276,2,5,10,13,21,276,2,2,94,63,474,213,7.26093446249697
5,SEA,41,39,83,3,449,249,1,3,4,11,27,249,1,2,201,96,271,153,8.7769258295294
5,SFO,33,28,63,4,436,350,0,2,6,6,22,350,1,3,94,141,268,209,16.695356219608
5,TAM,14,42,59,2,243,243,1,3,7,11,30,243,1,1,35,91,333,152,-8.95771112273665
5,TEN,22,46,69,2,370,285,2,1,3,15,29,285,0,2,95,69,406,216,2.38562963777101
5,WAS,35,30,66,4,429,309,1,1,1,8,21,309,2,2,129,192,188,117,6.75200297429064
6,ARI,27,54,84,1,344,266,2,3,8,18,34,266,0,1,97,153,301,113,-14.8381607738423
6,ATL,13,36,50,3,365,343,3,1,8,9,24,343,0,3,32,137,330,206,-7.80833961223834
6,BAL,18,40,64,4,364,213,0,6,17,19,21,213,1,2,194,61,369,152,-6.88884823169792
6,BUF,46,26,73,3,466,225,0,1,4,5,21,225,1,2,245,104,161,121,21.9535285896053
6,CAR,25,39,63,2,261,198,1,0,9,15,23,198,1,1,63,88,240,110,-2.59628762059144
6,CHI,29,29,62,1,303,216,2,4,5,11,16,216,1,0,112,75,260,141,-17.4686546275242
6,CIN,15,44,60,4,430,371,1,1,3,14,29,371,1,3,59,174,340,197,12.837047692165
6,CLE,37,23,62,4,277,168,0,2,2,8,15,168,3,1,129,71,172,97,5.1106433303011
6,DAL,35,24,60,5,438,188,0,1,1,15,9,188,3,2,261,117,240,71,19.1368800762116
6,DEN,25,27,56,1,288,195,2,4,8,6,19,195,1,0,117,136,147,59,-14.6198981404305
6,DET,16,44,61,2,275,243,1,1,4,18,25,243,1,1,44,112,417,131,-6.81394628241002
6,GNB,35,28,63,4,324,166,0,0,4,11,17,166,2,2,158,72,231,94,3.29159127735631
6,HOU,27,41,70,6,607,366,1,2,6,10,30,366,2,4,263,158,309,208,28.2019176663246
6,IND,32,39,73,3,398,313,1,2,5,13,25,313,3,0,98,130,344,183,14.5566617517389
6,JAC,39,31,70,4,403,223,1,0,4,11,19,223,3,1,180,94,269,129,8.312749754649
6,KAN,23,27,50,2,206,122,1,0,5,12,14,122,0,2,84,46,272,76,-1.36880485598494
6,LAR,37,33,70,3,390,268,0,0,3,10,23,268,0,3,122,223,145,45,7.76758744766241
6,MIA,22,44,69,0,263,186,1,3,10,22,21,186,0,0,115,98,396,88,-22.5138312031056
6,MIN,37,40,79,4,462,371,0,2,5,10,30,371,0,4,99,171,270,200,12.5653355563931
6,NWE,37,24,63,0,299,189,2,2,4,12,10,189,0,0,135,50,391,139,-8.0818069328677
6,NYG,24,42,69,3,337,280,1,3,9,10,31,280,0,2,86,149,244,131,0.556953816752615
6,NYJ,25,29,56,3,302,200,2,2,3,7,20,200,0,3,110,115,220,85,-4.14765052245041
6,PHI,37,27,67,3,355,186,0,3,3,11,16,186,2,1,182,88,186,98,2.10263889008465
6,PIT,22,28,54,2,220,165,2,4,7,11,15,165,0,1,75,86,144,79,-27.8055603547837
6,SFO,19,38,57,2,311,198,1,0,2,18,19,194,0,2,113,51,455,143,1.06432640062545
6,TAM,21,35,61,2,201,160,2,5,12,17,16,160,1,0,94,81,298,79,-18.248785998928
6,TEN,27,38,66,5,412,335,0,2,5,10,28,335,1,4,92,112,334,223,19.9477509592883
6,WAS,26,19,46,1,240,112,1,1,5,6,12,112,0,1,132,38,151,74,-3.1138470019196
7,ARI,30,50,82,4,572,388,3,2,9,14,33,388,1,3,200,158,451,230,9.32294774641612
7,ATL,21,36,55,2,386,340,0,2,6,11,25,340,1,1,64,80,337,260,6.51530496954037
7,BUF,22,23,51,1,191,120,2,6,7,9,12,120,1,0,100,39,149,81,-13.1928910551042
7,CAR,29,37,66,3,415,287,0,1,3,7,30,287,1,2,138,138,177,149,13.91244009557
7,CHI,34,33,68,4,371,220,0,1,5,10,23,220,1,2,160,120,268,100,-8.73730432680353
7,CIN,22,29,50,5,398,316,1,0,6,5,23,316,0,5,82,114,286,202,21.2408090465338
7,CLE,21,48,73,4,468,422,1,4,6,11,36,422,1,3,81,219,441,203,18.7311823444946
7,DAL,39,25,66,3,397,194,0,2,4,10,15,194,1,2,208,70,197,124,8.2547389285608
7,DEN,22,25,51,3,286,213,0,4,7,8,17,213,2,1,101,131,166,82,3.06260576954548
7,DET,26,42,70,3,388,338,0,2,6,11,31,338,2,1,66,103,283,235,4.54828692047158
7,GNB,22,39,64,2,365,309,0,3,4,10,29,309,0,2,79,133,248,176,-1.44240609116403
7,HOU,27,34,61,5,379,283,0,0,1,11,23,283,1,4,96,167,233,116,17.3138392318506
7,JAC,32,44,77,5,484,351,0,1,5,16,28,351,2,3,135,199,383,152,11.3741473920416
7,KAN,33,40,76,3,411,254,2,3,6,14,24,254,2,0,177,164,265,90,-19.188788512628
7,LAC,27,27,59,3,294,173,0,5,7,13,14,173,1,2,140,68,252,105,-5.84420060837874
7,LAR,17,40,61,0,279,261,2,4,7,10,28,261,0,0,49,112,449,149,-23.4928909575129
7,LVR,25,45,68,6,454,369,0,0,1,12,33,369,2,4,85,134,399,235,23.8104342650284
7,NOR,14,28,43,3,283,254,0,1,2,5,23,254,1,2,37,158,186,96,12.7855251687071
7,NWE,37,25,63,4,467,277,2,1,2,3,20,277,4,0,197,184,160,93,24.6607442391325
7,NYG,26,43,72,3,442,359,1,3,10,17,25,359,1,2,96,115,374,244,1.54338619558248
7,NYJ,27,43,72,0,422,307,0,2,3,13,30,307,0,0,126,172,308,135,5.3040840992894
7,PHI,22,30,55,3,325,187,1,3,8,9,20,187,1,2,160,97,180,90,-2.91631651186617
7,PIT,23,31,56,3,292,220,0,2,7,13,18,220,1,2,82,108,265,112,2.21606304447499
7,SEA,33,48,77,4,519,360,1,0,0,13,34,360,1,3,159,175,387,185,5.53705152218454
7,SFO,22,25,49,0,241,162,4,2,2,6,15,162,0,0,94,72,203,90,-16.2706369534689
7,TAM,24,36,63,2,347,284,1,3,5,11,24,284,0,2,76,137,315,147,-6.76420672713412
7,TEN,25,49,74,3,362,268,3,0,5,14,32,268,1,2,94,158,266,110,8.856327193417
7,WAS,26,22,54,0,142,114,1,6,8,10,11,114,0,0,83,52,160,62,-16.1204588081084
8,ATL,22,27,52,2,304,179,1,3,6,10,16,176,1,1,147,72,221,104,-2.61239606141569
8,BAL,16,32,50,3,221,182,0,2,5,11,21,182,1,2,48,93,232,89,-0.773356106539723
8,BUF,34,25,61,2,349,174,0,2,5,10,15,174,2,0,188,92,143,82,5.00743375936074
8,CAR,36,30,68,2,401,281,1,2,5,8,21,281,2,0,131,90,258,191,13.4383042657528
8,CHI,30,41,72,2,394,280,0,1,2,10,31,280,0,2,122,169,190,111,4.62922000057764
8,CIN,29,30,60,3,441,233,1,1,5,11,18,233,1,2,218,74,271,159,15.3270633249165
8,CLE,45,24,70,1,309,111,0,2,2,9,15,111,0,1,209,60,140,51,9.91793875578751
8,DAL,26,28,58,2,222,132,2,4,6,10,16,132,0,2,119,32,304,100,-18.2852819958353
8,DEN,38,44,84,3,485,278,2,2,4,13,29,278,0,3,210,140,296,138,3.05636433762866
8,DET,39,34,75,5,366,262,0,2,4,11,23,262,2,3,119,143,224,119,11.6374496592325
8,GNB,34,14,49,4,324,160,0,1,1,3,11,160,3,1,173,131,25,29,18.8787446902716
8,IND,13,42,59,4,326,336,1,5,8,17,24,336,0,3,29,142,398,194,-12.6201239854528
8,KAN,25,30,55,0,221,133,0,1,5,12,18,133,0,0,93,74,193,59,-13.3308199959849
8,LAC,16,41,58,4,351,248,1,2,5,14,26,248,1,3,108,115,308,133,4.44106955456824
8,LAR,25,22,48,2,145,93,0,1,2,10,12,93,1,1,55,47,118,46,-23.1835270414886
8,LVR,22,25,47,0,223,122,0,0,1,13,12,122,0,0,101,74,193,48,-1.36564779502976
8,MIA,29,61,91,3,471,355,2,2,9,24,35,355,1,1,131,200,365,155,-23.2816674210489
8,MIN,24,41,65,3,400,291,0,1,2,14,27,291,0,3,109,125,334,166,11.5004918146878
8,NOR,23,41,69,2,329,272,1,5,7,12,28,272,0,2,96,64,326,208,-5.55754180285621
8,NWE,38,18,57,3,339,154,1,1,4,6,11,154,3,0,190,83,179,71,9.09390370224121
8,NYG,24,40,66,2,344,279,0,2,4,12,28,279,0,2,81,94,364,185,1.41716950881209
8,NYJ,20,47,67,5,496,446,0,0,3,12,35,446,0,5,50,213,403,233,19.8689796125982
8,PHI,35,40,78,1,265,180,0,4,7,19,21,180,0,0,133,120,313,60,-27.019778466643
8,PIT,47,28,78,4,457,208,2,4,9,13,13,208,1,2,265,77,232,131,-5.87132205742904
8,SEA,22,41,66,4,351,322,1,3,8,11,29,322,2,2,52,114,291,208,13.8695131346467
8,SFO,28,37,67,5,350,261,0,2,3,10,27,261,1,4,101,128,260,133,16.0731528599512
8,TAM,24,42,69,3,357,274,2,3,11,14,26,274,1,2,101,140,320,134,3.32679842681486
8,TEN,32,37,69,4,367,249,0,0,2,11,26,249,2,2,118,73,245,176,18.4312353314369
9,ARI,25,28,55,3,312,248,0,3,3,8,20,248,1,2,91,68,229,180,8.33040935191657
9,ATL,22,48,71,3,405,313,1,1,10,22,25,313,1,2,103,127,440,186,-2.362669827205
9,BAL,21,44,63,2,339,227,1,0,2,18,25,227,1,0,112,169,270,58,-23.4127073568937
9,BUF,17,41,63,4,419,390,2,5,11,11,28,390,2,2,57,145,380,245,1.52571487860389
9,CAR,11,45,57,4,397,372,0,2,8,15,30,372,0,4,36,137,407,235,14.35138376391
9,CHI,31,21,55,2,228,158,0,3,6,11,10,158,0,2,92,78,215,80,-6.39912097850112
9,DAL,18,45,63,3,355,309,0,0,2,14,31,309,0,3,46,185,328,124,2.50526719444685
9,DEN,32,35,69,4,363,284,1,2,9,9,25,284,1,3,92,89,336,195,1.44912020646836
9,DET,34,20,55,5,487,220,0,1,2,7,13,220,2,3,275,114,217,106,15.2218715040945
9,GNB,17,35,53,2,337,291,1,1,5,12,22,291,1,1,55,197,224,94,-3.86743061587318
9,HOU,27,38,67,3,403,304,1,2,4,11,26,304,2,1,115,135,323,169,1.52940363416473
9,IND,38,23,63,2,266,170,0,2,2,4,19,170,2,0,110,104,86,66,-0.0194618788922933
9,JAC,28,32,62,3,374,281,0,2,4,13,19,281,1,2,107,194,291,87,4.4695526333952
9,KAN,24,50,75,4,435,338,0,2,9,13,37,335,2,2,104,196,280,139,24.1248737230963
9,LAC,26,23,50,4,320,165,0,1,3,10,13,165,2,2,160,56,281,109,8.99997957664822
9,LVR,31,42,74,3,440,326,0,2,7,14,28,326,1,2,128,131,309,195,9.81290638420853
9,MIA,37,26,64,5,442,283,0,1,4,5,21,283,1,3,178,52,250,231,9.69111603168854
9,MIN,27,45,73,2,421,305,3,2,5,11,31,305,0,2,129,167,273,138,-7.00496168915782
9,NOR,5,38,46,0,194,209,3,3,9,13,22,209,0,0,8,80,365,129,-24.5691554165214
9,NWE,18,25,44,3,322,262,1,1,4,6,18,262,0,3,65,97,315,165,13.3368052853047
9,NYG,9,39,50,2,402,387,3,2,6,7,29,387,1,1,37,277,147,110,-0.495871513730271
9,NYJ,41,35,75,3,433,274,0,0,4,8,27,274,3,0,159,106,281,168,16.7163213562685
9,PIT,31,38,70,1,364,243,1,2,8,16,21,243,0,1,144,52,348,191,-8.99498267971402
9,SEA,19,38,64,5,420,415,0,7,9,7,31,415,2,3,34,194,341,221,13.9748913058027
9,SFO,31,31,63,4,405,305,0,1,1,6,25,305,0,4,111,131,229,174,17.673942271157
9,TAM,37,35,73,5,420,282,0,1,3,6,29,282,1,4,138,123,179,159,12.082779537118
9,TEN,20,52,75,3,375,335,0,3,9,16,36,335,0,2,56,137,320,198,-12.1591739544716
9,WAS,35,34,74,2,350,212,0,5,8,11,23,212,1,1,166,90,181,122,0.00287832247929942
10,ARI,18,50,68,3,369,296,2,0,4,15,33,296,0,3,73,166,343,130,-0.638096234348548
10,BAL,39,18,59,3,308,142,0,1,3,4,14,142,1,2,173,66,106,76,8.80688498482553
10,BUF,35,32,70,3,453,245,1,3,4,9,22,245,2,1,217,96,231,149,4.85331186835736
10,CAR,37,39,77,5,544,341,0,1,7,11,28,341,2,3,210,168,324,173,27.4323902477256
10,CHI,33,36,70,2,385,292,1,1,5,10,25,292,0,2,99,147,296,145,-2.36310501118329
10,CIN,20,46,66,4,377,333,0,0,8,19,27,319,0,4,44,138,431,181,4.32706089899134
10,CLE,22,30,54,1,243,163,0,2,3,10,20,163,0,1,90,92,180,71,0.692595007007855
10,DEN,41,25,66,4,357,154,0,0,0,9,16,154,4,0,203,64,219,90,6.36034001596861
10,DET,26,55,83,3,464,390,0,2,8,17,38,390,3,0,89,197,324,193,13.088968243082
10,GNB,23,35,61,1,260,169,1,3,4,16,18,169,0,1,109,92,207,77,-11.896236436854
10,HOU,41,20,62,1,356,132,0,1,2,8,12,132,1,0,231,55,165,77,-2.79779223624019
10,IND,32,27,60,2,294,147,0,1,5,12,15,147,1,1,157,76,197,71,-3.90883987775479
10,JAC,25,34,60,3,395,325,1,1,3,9,24,325,1,2,80,237,212,88,-3.97802235167831
10,LAC,32,25,57,3,280,169,0,0,1,10,15,169,1,2,111,44,266,125,-2.63790816646929
10,LAR,22,37,65,1,333,248,2,6,13,13,22,248,1,0,113,143,367,105,-11.967824542338
10,LVR,19,47,68,1,313,257,4,2,7,20,23,257,0,1,66,64,397,193,-20.9242436347083
10,MIA,29,32,63,3,273,187,1,2,8,11,20,187,1,2,99,132,229,55,-2.35125801002141
10,MIN,17,31,49,0,149,124,1,2,11,14,16,124,0,0,41,59,231,65,-21.4444627736796
10,NOR,25,39,66,1,281,247,2,2,8,13,24,247,0,1,49,121,264,126,-12.7158531513844
10,NWE,28,34,64,2,357,249,1,2,2,9,24,249,0,2,115,145,259,104,3.02975739122539
10,NYG,23,37,63,2,346,208,0,3,12,16,21,208,2,0,156,79,338,129,4.35675139747608
10,PHI,36,28,67,3,382,244,0,3,7,7,21,244,3,0,151,59,237,185,10.7169812330094
10,PIT,21,40,64,1,324,213,0,4,9,19,21,213,0,1,139,107,343,106,-13.5804644223181
10,SEA,29,37,69,3,389,302,0,3,4,10,27,302,3,0,106,162,277,140,4.25814868322099
10,SFO,30,23,56,3,237,139,0,3,5,9,14,139,2,1,114,116,103,23,-5.99398587846089
10,TAM,16,28,47,3,187,148,1,3,8,7,20,148,1,2,65,79,195,69,-10.4362221576585
10,TEN,29,39,68,3,430,308,0,1,2,10,29,308,2,1,133,205,192,103,13.9660994874772
10,WAS,21,33,55,3,372,276,0,1,1,9,24,276,0,3,105,146,218,128,10.4403085075017
11,ARI,31,28,62,3,347,197,0,3,8,5,23,197,1,2,165,101,188,96,12.5306076525639
11,ATL,36,23,62,3,376,233,0,3,5,5,18,233,3,0,166,103,142,130,2.33994362152686
11,BAL,34,32,68,3,423,266,1,2,7,8,23,266,1,2,173,139,200,127,9.98343815808565
11,CAR,17,33,55,0,185,178,0,5,8,15,18,178,0,0,40,93,192,85,-20.4718651259389
11,CIN,34,25,61,2,325,166,1,2,5,7,17,166,1,1,164,97,143,69,-3.5997010508832
11,CLE,25,35,65,3,315,235,2,5,10,12,21,235,0,2,106,105,244,130,-15.5197259688032
11,DAL,29,30,61,4,430,314,0,2,7,8,22,314,1,3,125,136,262,178,5.41505877918098
11,DEN,17,38,61,1,223,200,1,6,7,14,23,200,0,1,56,79,304,121,-9.97493521502235
11,DET,34,35,70,2,374,258,2,1,1,9,24,258,1,1,116,123,235,135,-4.94435323543156
11,GNB,37,36,74,3,420,288,1,1,5,11,24,288,0,3,140,164,263,124,0.711216692009655
11,HOU,24,40,66,2,435,365,0,2,8,14,26,365,1,1,86,193,239,172,10.6442432842319
11,IND,18,38,55,4,367,311,1,1,1,10,27,311,1,3,66,134,297,177,-3.08973995090824
11,JAC,27,46,73,3,373,267,1,0,3,13,32,267,1,2,106,111,372,156,2.4483844425567
11,KAN,26,31,57,4,364,275,1,0,1,7,23,275,1,3,89,155,237,120,13.4970772654496
11,LAC,24,30,55,5,292,205,1,1,8,14,15,205,2,2,96,44,384,161,-2.29754061199492
11,LAR,18,48,67,3,251,216,2,1,5,20,26,216,1,2,42,83,420,133,-13.5034912369292
11,LVR,27,46,73,5,460,352,1,0,5,10,35,352,3,2,108,138,349,214,23.7988063131925
11,MIA,33,30,63,2,459,270,1,0,4,11,18,270,2,0,189,140,341,130,-2.63395776769617
11,MIN,31,32,64,4,376,203,1,1,2,9,22,203,1,3,180,80,206,123,5.52432960067375
11,NOR,14,37,59,0,248,232,2,8,12,16,19,232,0,0,52,52,401,180,-18.4149381870743
11,NWE,19,37,56,3,399,344,0,0,2,9,28,344,1,2,55,167,314,177,15.9349056659096
11,NYJ,26,49,78,3,376,366,0,3,7,12,37,366,0,3,29,170,328,196,3.29228516614839
11,PHI,40,22,64,1,324,204,0,3,2,10,12,204,1,0,137,42,260,162,-13.1282878817068
11,PIT,17,37,56,0,206,151,4,2,7,17,16,151,0,0,73,59,335,92,-24.6795051177683
11,SEA,18,42,63,3,314,269,0,3,7,13,29,269,1,2,57,136,284,133,8.40316951996647
11,TAM,20,51,70,3,413,376,2,0,3,10,39,376,0,3,37,200,265,176,1.49528747907176
11,TEN,33,29,63,2,306,186,1,1,2,11,17,186,1,1,129,104,288,82,6.27265890960525
11,WAS,18,44,66,1,272,233,1,4,11,18,25,233,0,1,70,89,421,144,-12.199156522024
12,ARI,30,18,50,2,179,84,2,3,4,7,9,84,2,0,110,49,105,35,-11.0809231200862
12,ATL,14,39,58,1,243,240,1,5,6,13,25,240,0,0,40,141,253,99,-41.9345378355915
12,BAL,20,51,71,1,334,266,1,0,6,14,36,266,0,1,68,135,241,131,-8.41456581584378
12,BUF,24,52,79,2,367,316,1,3,7,20,31,316,1,1,76,150,312,166,-6.33759760938589
12,CAR,24,45,70,5,387,307,0,2,9,11,34,307,0,3,96,78,366,229,-1.50042588841385
12,CHI,39,29,68,5,393,211,0,0,0,8,21,211,1,4,182,122,244,89,19.2433639765368
12,CIN,42,38,80,1,386,244,0,0,3,16,22,244,1,0,142,57,323,187,0.616530607479613
12,CLE,25,35,59,3,375,235,0,0,2,15,20,235,1,2,140,117,354,118,11.0179490000311
12,DAL,36,27,66,4,338,177,1,3,6,6,20,177,3,1,182,82,120,95,2.28134401282405
12,DEN,44,16,63,4,292,78,1,3,3,6,9,78,4,0,229,46,105,32,3.03283336563435
12,DET,23,25,50,4,384,318,0,2,3,8,17,318,0,4,77,115,319,203,10.6828139854187
12,GNB,16,46,65,4,350,242,2,3,6,18,26,242,0,3,121,94,400,148,1.48003114362237
12,HOU,29,43,76,4,388,295,1,4,8,14,28,295,2,1,109,162,348,133,-14.7950711198318
12,IND,45,22,68,5,449,221,0,1,2,9,13,221,4,1,229,118,153,103,17.7392766704725
12,JAC,33,29,64,3,459,258,0,2,1,10,19,258,1,2,207,117,235,141,12.7770977689933
12,KAN,13,41,55,3,417,345,2,1,7,12,27,345,0,3,75,141,392,204,8.00276279963203
12,LAC,30,25,58,3,332,177,1,3,8,5,19,177,1,2,172,74,106,103,-2.09553770141927
12,LAR,33,35,70,2,345,252,1,2,7,10,24,252,1,0,112,175,172,77,-22.087765133028
12,LVR,32,39,72,3,304,185,1,1,8,16,22,185,1,2,125,100,221,85,-5.82822560384062
12,MIA,23,27,53,0,260,197,2,3,5,9,16,197,0,0,87,79,317,118,-18.154450616993
12,MIN,28,36,63,1,374,267,1,0,3,16,19,267,0,1,107,135,303,132,2.42791393507046
12,NOR,33,9,43,0,112,13,2,1,5,6,1,13,0,0,100,16,134,-3,-30.9791021387188
12,NWE,34,34,70,2,298,170,1,2,4,10,23,170,2,0,138,75,229,95,-4.41669906382177
12,NYG,15,29,46,1,155,136,1,2,8,11,17,136,0,1,40,78,202,58,-17.3638815960574
12,NYJ,25,39,68,2,345,257,0,4,8,15,24,257,0,2,104,104,275,153,-7.91748779269711
12,PHI,30,31,63,2,301,230,0,2,7,9,22,230,1,1,76,89,247,141,-3.65713374317022
12,PIT,28,18,49,3,219,110,1,3,5,8,9,110,1,1,129,83,136,27,-18.6349222430727
12,SEA,14,46,65,2,250,221,1,6,12,19,26,221,0,2,70,110,330,111,-11.9475640435261
12,SFO,28,31,61,2,308,198,2,2,7,10,19,198,1,0,126,125,256,73,-28.5097990275099
12,TAM,20,50,72,3,543,462,0,2,7,13,37,462,0,3,87,156,486,306,17.504607604342
12,TEN,21,44,67,4,336,295,1,2,6,19,24,295,2,2,56,164,339,131,0.982084424904315
12,WAS,18,35,57,2,247,215,1,4,6,9,25,215,0,1,60,72,209,143,-28.1638726531906
13,ARI,31,47,79,4,463,351,0,1,7,10,37,351,3,1,119,256,167,95,13.3313352985731
13,ATL,36,37,75,3,424,232,0,2,4,10,27,232,1,2,207,50,300,182,5.6593698640354
13,BAL,28,48,77,2,388,285,1,1,5,16,31,285,0,2,111,124,453,161,2.44450128790339
13,BUF,21,39,60,3,402,316,2,0,7,11,26,316,0,3,86,133,266,183,2.03867987079536
13,CHI,22,42,66,5,460,402,1,2,3,14,27,402,2,3,60,68,571,334,14.6451124666492
13,CIN,28,39,66,1,406,296,0,0,2,13,26,296,0,1,110,151,298,145,-0.800765749960497
13,CLE,18,45,66,5,431,389,1,3,5,15,29,389,1,3,62,132,487,257,2.62118639925029
13,DAL,37,17,54,4,401,107,1,0,0,4,12,107,2,2,294,51,94,56,14.6716591329669
13,DEN,22,40,63,1,447,318,0,1,4,15,25,318,0,1,134,152,378,166,9.50224723988278
13,DET,31,34,67,4,389,267,0,2,2,8,26,267,3,1,140,150,212,117,6.19132059933109
13,GNB,25,27,59,1,278,188,1,7,9,15,11,188,0,1,117,35,269,153,-6.1698516776464
13,HOU,29,35,67,3,371,285,0,3,5,8,27,285,1,2,109,161,189,124,5.7721082585025
13,IND,19,38,62,2,398,341,1,5,8,11,26,341,2,0,90,106,394,235,-1.51544786768375
13,JAC,38,43,85,4,420,305,1,4,14,14,28,305,0,3,145,147,328,158,-9.89228524081699
13,KAN,33,28,61,2,330,151,2,0,4,11,15,151,0,2,179,74,234,77,6.59883280458065
13,LAC,43,22,66,4,291,130,0,1,2,8,14,130,2,2,165,76,154,54,1.68696541304988
13,LAR,21,39,61,5,232,173,1,2,5,17,21,173,1,3,92,87,240,86,-11.344455347202
13,LVR,34,23,60,4,376,186,1,3,7,8,14,186,2,2,206,116,201,70,5.03074372705305
13,MIA,17,27,50,1,196,193,2,6,11,8,17,193,0,1,40,155,162,38,-12.1617966306676
13,MIN,25,42,68,2,390,280,2,2,5,12,28,280,1,1,124,92,351,188,-6.71149809743941
13,NOR,21,39,63,1,332,273,0,3,8,20,19,273,0,1,70,56,453,217,-12.7200737892013
13,NWE,15,53,70,0,258,209,2,3,11,25,26,209,0,0,70,129,324,80,-26.3004576223477
13,NYG,22,43,70,1,327,263,1,5,9,15,27,263,0,1,111,108,380,155,-17.0218490498939
13,NYJ,25,47,73,4,440,381,1,2,6,18,28,381,1,3,72,170,499,211,2.72980458803669
13,PHI,25,34,61,4,437,295,0,2,6,9,25,295,1,3,149,133,364,162,18.2948422157837
13,PIT,21,46,70,2,318,296,0,3,10,15,31,296,1,1,45,168,265,128,-5.76439661623223
13,SEA,31,22,55,2,290,105,1,2,4,8,13,105,1,1,190,28,184,77,-5.04285276845664
13,SFO,27,40,68,4,449,375,0,1,3,8,32,375,0,4,81,129,294,246,10.8098971713787
13,TEN,36,34,70,5,458,340,0,0,1,8,26,340,1,4,118,190,212,150,17.0690360096557
13,WAS,14,53,67,2,326,305,1,0,2,19,33,305,0,2,21,149,325,156,-10.4179680973558
14,ARI,17,24,49,1,159,145,0,8,11,11,13,145,1,0,78,30,271,115,-18.217250880145
14,ATL,26,44,71,2,345,243,1,1,3,7,36,243,0,2,105,145,241,98,3.63537556851873
14,BAL,28,48,76,6,493,355,1,0,5,18,29,355,4,2,138,142,446,213,17.9750477823687
14,BUF,17,37,55,3,224,187,2,1,5,14,21,187,0,2,47,116,242,71,-17.1121234553866
14,CAR,30,27,58,4,365,280,0,1,5,6,21,280,0,4,96,156,170,124,7.10275616045692
14,CHI,27,30,64,1,263,219,0,7,11,9,21,219,0,1,108,122,197,97,-10.4007814815268
14,CIN,25,23,50,2,272,185,0,2,4,7,16,185,0,2,101,65,186,120,8.0566199815263
14,CLE,32,21,56,6,385,176,0,4,4,9,12,176,5,1,231,62,226,114,21.2890624094969
14,DAL,30,38,70,2,309,222,0,2,4,10,28,222,0,1,101,145,153,77,-18.1338952992228
14,DEN,21,40,65,3,370,283,0,4,6,10,30,283,3,0,125,161,236,122,3.80896005995019
14,DET,31,33,64,4,410,290,0,0,1,7,26,290,1,3,120,171,210,119,19.5686547539663
14,GNB,15,40,58,3,293,273,0,4,6,13,27,273,2,1,51,155,239,118,8.69990109655547
14,HOU,23,33,59,4,410,267,0,3,5,9,24,267,1,3,169,190,144,77,15.4073810468781
14,IND,22,46,68,4,424,345,2,0,2,12,32,345,1,2,79,159,325,186,0.194323665616431
14,JAC,40,24,65,4,454,212,0,1,7,5,19,212,2,2,249,73,197,139,13.1596633393649
14,KAN,24,49,76,3,367,316,1,4,8,20,28,316,1,2,80,110,466,206,-0.663622239702194
14,LAC,20,33,55,2,319,263,3,2,6,8,22,263,0,2,70,111,327,152,0.34413482779796
14,LAR,29,23,59,1,220,146,1,6,9,8,14,146,0,0,107,50,142,96,-31.8721788535978
14,LVR,31,28,59,4,456,244,0,0,1,9,19,244,2,2,212,105,255,139,22.4589123468512
14,MIA,24,34,61,3,448,393,3,3,6,7,24,393,1,2,94,205,318,188,0.527606920679674
14,MIN,26,23,48,3,303,196,0,0,3,8,15,196,1,2,107,57,228,139,7.24945137638276
14,NOR,36,30,65,3,413,167,0,0,3,13,17,167,2,1,246,120,175,47,0.716372100897948
14,NWE,36,25,62,2,318,137,1,1,3,8,16,137,1,1,186,74,114,63,-1.76151837366736
14,NYG,43,35,79,2,390,244,0,1,4,11,24,244,1,1,159,128,191,116,1.35207560102261
14,NYJ,36,32,69,5,410,239,1,1,3,6,25,239,1,4,174,105,227,134,14.122451684649
14,PHI,20,38,63,3,358,291,1,5,12,9,28,291,1,2,96,113,253,178,3.53176704605064
14,PIT,27,43,71,2,334,238,1,1,5,18,24,238,0,2,104,130,455,108,-10.003859447597
14,SEA,23,26,52,0,185,132,0,3,6,12,14,132,0,0,69,45,245,87,-17.4347451594909
14,SFO,28,32,62,0,193,108,1,2,5,16,15,108,0,0,98,61,197,47,-17.9149228977634
14,TAM,33,37,76,2,335,225,0,6,12,13,24,225,1,1,162,126,248,99,11.2204883032816
14,TEN,15,54,69,1,354,263,1,0,1,22,31,263,0,1,91,129,455,134,-8.91819694672305
14,WAS,27,45,76,4,344,260,1,4,12,19,25,257,1,1,108,128,268,129,-30.3068102660473
15,ARI,29,44,79,4,422,338,0,6,7,20,24,338,1,3,117,173,477,165,3.37998574369703
15,ATL,18,45,66,4,416,390,0,3,7,14,31,390,2,2,51,195,349,195,10.311305760344
15,BAL,22,29,56,2,267,226,0,5,6,7,22,226,0,2,62,90,225,136,-1.78343417186989
15,BUF,28,32,63,4,255,132,0,3,4,12,20,132,2,1,140,64,125,68,-8.33475512692091
15,CAR,27,29,61,3,291,143,0,5,5,9,20,143,2,1,195,106,123,37,2.78450183572878
15,CHI,28,35,65,3,407,271,1,3,9,10,24,271,1,2,158,144,206,127,1.51772240756385
15,CIN,23,38,62,2,244,170,1,1,9,17,20,170,1,1,86,105,307,65,-20.4226350303688
15,CLE,21,32,54,0,288,221,0,1,4,13,19,221,0,0,74,85,298,136,-3.29639302828516
15,DAL,36,43,81,4,458,319,2,2,6,15,26,319,1,3,150,120,334,199,6.85432198270269
15,DEN,24,40,65,5,534,359,0,1,5,12,28,359,3,2,182,118,404,241,32.3969229403071
15,DET,38,27,66,6,463,273,0,1,1,6,21,273,3,3,195,131,246,142,30.5990858548661
15,GNB,27,35,65,1,364,258,0,3,6,14,21,258,1,0,115,141,238,117,-1.28228762722469
15,HOU,23,29,53,3,350,228,0,1,3,7,22,228,1,2,127,103,199,125,14.77840715211
15,IND,21,41,67,2,425,373,0,5,7,8,33,373,0,2,83,140,313,233,10.1721426435323
15,JAC,37,26,64,5,409,250,1,1,2,6,19,250,2,3,159,97,254,153,18.2342217007629
15,KAN,17,34,52,4,285,234,1,1,7,18,15,234,1,3,60,139,272,95,-6.1176975913113
15,LAC,41,33,74,3,449,279,1,1,3,12,20,279,2,1,173,103,310,176,8.99587728217695
15,LAR,31,31,64,2,289,207,0,2,2,9,22,207,1,1,93,119,143,88,-1.39798651427289
15,LVR,29,32,62,4,402,314,0,1,5,10,22,314,2,2,96,91,359,223,15.3822413090638
15,MIA,22,27,52,0,303,209,0,3,3,10,17,209,0,0,117,87,227,122,-5.15618597748311
15,MIN,42,21,64,3,397,202,1,1,2,5,15,202,2,1,199,99,167,103,8.70837453150022
15,NOR,41,47,92,4,411,254,0,4,11,21,26,254,1,3,179,128,422,126,1.99071089524393
15,NWE,42,26,70,3,383,145,1,2,3,5,20,145,3,0,250,77,98,68,12.5292002762819
15,NYG,30,32,63,3,392,297,0,1,1,5,27,297,1,2,106,107,235,190,16.4707759629819
15,NYJ,19,34,56,2,303,209,1,3,8,11,22,209,0,2,114,114,199,95,-14.786544826499
15,PHI,30,37,68,4,526,432,1,1,1,8,28,432,1,3,103,177,364,255,1.14437824287283
15,PIT,41,13,56,3,230,89,0,2,6,6,7,89,2,1,152,24,179,65,-6.37100674350278
15,SEA,20,55,79,2,353,295,2,4,7,15,38,295,1,1,84,139,368,156,1.20909555938797
15,SFO,22,34,58,4,291,221,0,2,3,14,20,221,2,2,87,148,206,73,0.262911938948368
15,TAM,13,49,65,3,369,356,0,3,4,15,34,356,0,3,37,119,431,237,1.82450555506437
15,TEN,27,38,65,3,430,307,1,0,5,10,27,307,2,1,123,112,353,195,8.64256070731403
15,WAS,26,27,53,2,302,121,1,0,3,8,18,121,1,1,181,59,139,62,3.76955474222094
16,ARI,30,22,55,3,398,182,0,3,4,9,13,182,0,3,227,109,145,73,8.53802396439496
16,ATL,21,45,66,2,395,278,2,0,5,19,24,278,0,2,117,170,352,108,0.831470134288203
16,BAL,12,41,59,1,269,252,0,6,11,17,24,252,0,1,54,108,386,144,-3.17383364524508
16,BUF,24,21,48,1,201,78,0,3,5,12,9,78,1,0,145,46,176,32,-7.4010582546898
16,CAR,19,47,69,1,386,291,2,3,7,19,26,291,0,1,108,170,490,121,-9.48764215855604
16,CHI,16,37,54,2,279,211,2,1,4,11,24,211,0,2,76,69,239,142,-6.94320626011107
16,CIN,17,33,51,4,488,324,0,1,6,9,24,302,1,3,166,116,339,186,12.434617999499
16,CLE,34,33,69,3,333,218,0,2,5,16,17,218,0,3,131,125,318,93,-1.1067459878099
16,DAL,29,39,70,2,477,342,2,3,4,16,21,342,1,1,151,129,376,213,-4.73524353820254
16,DEN,20,33,55,1,316,253,0,2,7,12,21,253,0,1,89,129,208,124,-1.18470632506939
16,DET,26,42,70,7,588,491,0,2,2,11,31,491,1,6,111,162,467,329,24.7394347501845
16,GNB,27,26,55,2,260,121,2,2,5,13,11,121,1,1,156,38,212,83,-5.92593287338968
16,HOU,33,38,71,4,540,371,0,0,4,9,29,371,2,2,169,187,329,184,24.5227312662643
16,IND,14,49,64,4,354,341,0,1,2,15,34,341,1,3,22,134,345,207,-0.523962571809534
16,JAC,33,36,70,5,391,265,1,1,6,11,24,265,3,2,128,138,294,127,17.5151889273409
16,KAN,23,35,62,2,367,300,0,4,12,8,27,300,0,2,90,145,233,155,3.44780511220495
16,LAC,28,47,76,1,396,264,2,2,5,21,24,264,1,0,133,96,541,168,1.47461296630612
16,LAR,24,32,60,2,292,225,0,5,8,12,20,225,1,1,95,82,318,143,-1.02585024830289
16,LVR,25,35,63,2,383,276,0,3,6,9,26,276,0,2,130,138,233,138,6.97314131691472
16,MIA,24,34,60,2,418,336,0,3,4,13,21,336,1,1,104,149,318,187,-1.64726876634375
16,MIN,45,28,73,7,583,319,2,0,2,5,21,319,7,0,264,149,259,170,26.1718900857507
16,NOR,17,41,60,5,364,291,0,2,8,14,27,291,2,3,90,164,191,127,10.7950150001561
16,NWE,31,40,71,5,474,344,0,0,0,10,30,344,1,4,130,142,397,202,26.7264634260957
16,NYG,40,26,65,3,432,183,0,0,4,9,17,183,1,2,249,66,181,117,15.2976411251545
16,NYJ,18,53,73,2,299,285,0,4,7,25,28,285,2,0,45,120,412,165,-10.2430744712267
16,PHI,34,30,66,4,513,377,1,2,7,7,22,377,1,3,151,225,238,152,10.243969595457
16,PIT,28,34,67,3,365,270,1,5,8,12,21,270,2,1,127,131,379,139,0.210309091722593
16,SEA,29,43,75,0,334,234,1,3,9,18,24,234,0,0,118,78,283,156,-10.0790126684489
16,SFO,27,50,79,1,350,247,1,3,5,18,31,247,1,0,120,96,406,151,-13.5609999160416
16,TAM,15,31,50,0,186,152,1,4,11,9,21,152,0,0,73,89,166,63,-29.5470478410134
16,TEN,37,25,63,6,448,231,1,1,2,3,21,231,2,4,234,108,178,123,21.3038258685556
16,WAS,35,28,67,2,280,197,1,4,5,8,19,197,1,1,113,66,290,131,-7.04583863657899
17,ARI,30,38,70,0,333,231,1,2,5,15,22,231,0,0,110,93,358,138,-9.62131525732646
17,ATL,22,41,63,5,485,399,1,1,2,14,26,399,1,4,94,184,447,215,21.1962031630622
17,BAL,19,21,40,0,195,48,2,0,2,13,6,48,0,0,147,33,155,15,-23.3739362067729
17,BUF,20,59,80,4,454,393,3,1,4,20,36,393,2,1,70,215,440,178,-12.6250911843605
17,CAR,30,32,64,4,347,201,0,2,4,10,22,201,1,3,156,83,201,118,10.3278028888712
17,CHI,19,24,44,5,316,240,0,1,6,5,19,240,1,4,79,154,172,86,21.2069041824434
17,CIN,54,19,73,5,525,121,1,0,2,7,11,121,2,3,404,45,191,76,25.4826739748015
17,CLE,20,44,65,2,394,317,1,1,5,17,26,317,0,2,85,108,418,209,8.30087341057722
17,DAL,28,25,55,3,336,229,1,2,6,7,17,229,1,2,125,68,287,161,-1.44524572550171
17,DEN,23,38,64,4,465,371,2,3,5,12,24,371,2,2,106,123,379,248,3.20852149801794
17,DET,31,40,74,5,508,405,0,3,5,12,28,405,2,3,125,210,271,195,19.3808211534387
17,GNB,31,42,74,1,356,252,1,1,3,8,33,252,1,0,108,123,261,129,-8.62064864252352
17,HOU,41,27,70,5,492,216,0,2,8,9,18,216,4,1,288,62,306,154,19.8104656369693
17,IND,17,42,65,2,283,261,0,6,10,16,26,261,0,2,53,85,295,176,-16.8571501239203
17,JAC,37,27,64,3,437,164,1,0,1,9,17,164,2,1,273,117,167,47,4.78440303152916
17,KAN,35,31,69,5,416,302,0,3,5,9,22,302,2,3,135,173,243,129,16.3901911331632
17,LAC,17,32,50,3,268,218,0,1,5,9,23,218,1,2,51,181,147,37,8.31347042019479
17,LAR,18,27,49,2,214,192,1,4,5,7,19,192,0,1,48,144,213,48,-15.2966562221148
17,LVR,32,41,75,3,446,339,0,2,3,16,25,339,1,2,122,216,293,123,-1.31623758272381
17,MIA,25,38,64,6,455,388,2,1,2,12,24,388,2,4,78,115,451,273,13.6324918193277
17,MIN,22,31,54,5,417,293,1,1,1,10,20,293,2,3,129,83,443,210,17.431505919275
17,NOR,20,37,60,1,320,271,5,3,6,14,18,271,1,0,74,46,502,225,-24.1238312530331
17,NWE,25,34,62,2,350,266,2,3,6,9,23,266,1,1,111,157,241,109,2.20935025019571
17,NYG,27,47,80,1,307,244,1,6,9,17,29,244,1,0,108,126,258,118,-8.07703839581653
17,NYJ,29,31,63,4,404,261,0,3,6,9,22,261,0,4,166,134,195,127,15.723950252228
17,PHI,27,32,62,2,248,162,2,3,5,8,22,162,0,2,103,97,101,65,-13.1440761524052
17,PIT,31,27,62,3,358,196,0,4,4,10,17,196,2,1,192,60,258,136,8.62835966832346
17,SEA,24,37,64,2,328,273,0,3,7,12,25,273,1,1,86,102,288,171,-0.956800856669305
17,SFO,27,36,65,3,280,181,0,2,4,16,20,181,1,2,121,114,324,67,3.80829611138869
17,TAM,26,44,71,3,385,265,0,1,6,15,29,265,1,2,127,125,227,140,4.7491003328495
17,TEN,17,40,61,4,457,385,1,4,6,10,29,385,1,3,96,95,416,290,16.361848181433
17,WAS,29,33,65,2,216,119,2,3,9,18,13,119,2,0,118,43,276,76,-19.6181989437318
