game_id,week,posteam,passer_player_name,passer_player_id,nopass,noplays,touchdown,yards_gained,yards_passing,interception,sack,qb_hits,incomplete_pass,complete_pass,yards_receiving,touchdown_pass,yards_after_catch,air_yards,air_yards2,epa
2020_01_ARI_SF,1,ARI,K.Murray,00-0035228,40,41,1,224,230,1,2,3,13,26,230,1,133,192,97,-3.16413580890882
2020_01_ARI_SF,1,SFO,J.Garoppolo,00-0031345,33,36,2,243,259,0,3,6,14,19,259,2,161,220,98,0.376995504162001
2020_01_CHI_DET,1,CHI,M.Trubisky,00-0033869,36,37,3,214,242,0,1,5,16,20,242,3,81,349,161,2.50965546684978
2020_01_CHI_DET,1,DET,M.Stafford,00-0026498,42,42,1,288,297,1,1,6,17,24,297,1,129,372,168,2.01769837262698
2020_01_CLE_BAL,1,BAL,L.Jackson,00-0034796,25,27,3,261,275,0,2,4,5,20,275,3,73,252,202,14.6671419891242
2020_01_CLE_BAL,1,BAL,R.Griffin,00-0029665,1,1,0,9,9,0,0,0,0,1,9,0,4,5,5,-0.906517566880211
2020_01_CLE_BAL,1,CLE,B.Mayfield,00-0034855,39,41,1,168,189,1,2,6,17,21,189,1,34,358,155,-10.646842806337
2020_01_DAL_LA,1,DAL,D.Prescott,00-0033077,39,42,1,244,266,0,3,7,14,25,266,1,114,283,152,-5.03047579732446
2020_01_DAL_LA,1,LAR,J.Goff,00-0033106,31,32,0,269,275,1,1,3,10,20,275,0,195,140,80,4.94299644290471
2020_01_GB_MIN,1,GNB,A.Rodgers,00-0023459,44,44,4,364,364,0,0,2,12,32,364,4,155,391,209,17.9679529484224
2020_01_GB_MIN,1,MIN,K.Cousins,00-0029604,25,27,2,248,259,1,2,4,5,19,259,2,72,267,187,6.66373644146944
2020_01_HOU_KC,1,HOU,D.Watson,00-0033537,32,36,1,242,253,1,4,6,11,20,253,1,132,283,121,4.46492290072962
2020_01_HOU_KC,1,KAN,P.Mahomes,00-0033873,32,33,3,203,211,0,1,3,8,24,211,3,133,147,78,13.9878289136104
2020_01_IND_JAX,1,IND,J.Brissett,00-0033119,0,1,0,-6,0,0,1,1,0,0,0,0,0,0,0,-1.98417688993504
2020_01_IND_JAX,1,IND,P.Rivers,00-0022942,46,46,1,363,363,2,0,5,8,36,363,1,212,289,151,9.91244939095013
2020_01_IND_JAX,1,JAC,G.Minshew,00-0035289,20,24,3,150,173,0,4,4,1,19,173,3,98,89,75,8.49217614020079
2020_01_LAC_CIN,1,CIN,J.Burrow,00-0036442,36,38,0,173,193,1,3,6,12,23,193,0,83,291,110,-6.34561266132098
2020_01_LAC_CIN,1,LAC,T.Taylor,00-0028118,30,32,0,207,208,0,2,4,14,16,208,0,80,335,128,-0.191233059728975
2020_01_LV_CAR,1,CAR,T.Bridgewater,00-0031237,34,35,1,259,269,0,1,3,12,22,269,1,137,279,132,5.3239420746635
2020_01_LV_CAR,1,LVR,D.Carr,00-0031280,30,30,1,239,239,0,0,0,8,22,239,1,158,166,81,10.7326276062335
2020_01_MIA_NE,1,MIA,R.Fitzpatrick,00-0023682,30,31,0,182,191,3,1,5,7,20,191,0,59,251,132,-8.42761098494043
2020_01_MIA_NE,1,NWE,C.Newton,00-0027939,19,21,0,140,155,0,2,3,4,15,155,0,88,101,67,-3.40587375569157
2020_01_NYJ_BUF,1,BUF,J.Allen,00-0034857,46,49,2,306,312,0,3,4,13,33,312,2,137,279,175,13.8010084652079
2020_01_NYJ_BUF,1,NYJ,S.Darnold,00-0034869,35,36,1,202,215,1,3,4,13,21,215,1,139,257,76,-8.65879514269802
2020_01_PHI_WAS,1,PHI,C.Wentz,00-0032950,42,50,2,208,270,2,8,13,16,24,270,2,113,520,157,-19.5759557018245
2020_01_PHI_WAS,1,WAS,D.Haskins,00-0035232,31,34,1,159,178,0,3,8,14,17,178,1,95,248,83,-3.45859741743001
2020_01_PIT_NYG,1,NYG,D.Jones,00-0035710,41,44,2,262,279,2,3,8,13,26,279,2,116,232,163,-0.337846266620175
2020_01_PIT_NYG,1,PIT,B.Roethlisberger,00-0022924,32,34,3,208,229,0,2,5,11,21,229,3,105,221,124,15.1010359203258
2020_01_SEA_ATL,1,ATL,M.Ryan,00-0026143,54,56,2,434,450,1,2,8,16,37,450,2,106,524,344,7.04083623680439
2020_01_SEA_ATL,1,SEA,R.Wilson,00-0029263,35,38,4,299,322,0,3,9,4,31,322,4,160,205,162,19.5701759177124
2020_01_TB_NO,1,NOR,D.Brees,00-0020531,30,31,2,151,160,0,1,3,12,18,160,2,99,145,61,-2.92364136564847
2020_01_TB_NO,1,NOR,T.Hill,00-0033357,1,1,0,38,38,0,0,0,0,1,38,0,17,21,21,2.28459372994257
2020_01_TB_NO,1,TAM,T.Brady,00-0019596,36,39,3,224,239,2,3,6,11,23,239,2,90,292,149,-9.49685772240399
2020_01_TEN_DEN,1,DEN,D.Lock,00-0035704,33,33,1,216,216,0,0,5,11,22,216,1,133,303,83,-6.87157710306929
2020_01_TEN_DEN,1,TEN,R.Tannehill,00-0029701,43,44,2,247,249,0,1,7,14,29,249,2,96,266,153,9.90078119014102
2020_02_ATL_DAL,2,ATL,M.Ryan,00-0026143,36,37,4,267,273,0,1,4,12,24,273,4,105,339,168,15.1271943489111
2020_02_ATL_DAL,2,ATL,R.Gage,00-0034411,1,1,0,0,0,0,0,0,1,0,0,0,0,38,0,-2.01243403996341
2020_02_ATL_DAL,2,DAL,A.Dalton,00-0027973,1,1,0,0,0,0,0,0,1,0,0,0,0,1,0,-0.214774893713184
2020_02_ATL_DAL,2,DAL,C.Jones,00-0028664,1,1,0,0,0,0,0,0,1,0,0,0,0,9,0,-3.32160479493905
2020_02_ATL_DAL,2,DAL,D.Prescott,00-0033077,47,47,1,445,450,0,1,4,13,34,450,1,205,371,245,12.5141623120164
2020_02_BAL_HOU,2,BAL,L.Jackson,00-0034796,24,28,1,177,204,0,4,5,6,18,204,1,103,190,101,5.57358104844811
2020_02_BAL_HOU,2,HOU,D.Watson,00-0033537,36,39,2,253,275,1,4,11,10,25,275,1,112,283,163,-6.73736777163115
2020_02_BUF_MIA,2,BUF,J.Allen,00-0034857,35,36,4,411,415,0,1,3,11,24,415,4,154,362,261,23.4382543886055
2020_02_BUF_MIA,2,MIA,R.Fitzpatrick,00-0023682,47,49,2,311,328,0,3,10,16,31,328,2,121,313,207,6.3039712128287
2020_02_CAR_TB,2,CAR,T.Bridgewater,00-0031237,42,47,0,340,367,2,5,7,7,33,367,0,149,309,218,-8.24083838382098
2020_02_CAR_TB,2,TAM,T.Brady,00-0019596,35,35,1,217,217,1,0,1,11,23,217,1,110,234,107,0.524379743148724
2020_02_CIN_CLE,2,CIN,J.Burrow,00-0036442,61,63,3,285,316,0,3,7,24,37,316,3,127,486,189,11.0614364221275
2020_02_CIN_CLE,2,CLE,B.Mayfield,00-0034855,23,23,2,219,219,1,0,0,6,16,219,2,73,210,146,10.9915884896473
2020_02_DEN_PIT,2,DEN,D.Lock,00-0035704,5,6,0,12,20,0,1,1,4,1,20,0,0,95,20,-8.16126264131162
2020_02_DEN_PIT,2,DEN,J.Driskel,00-0032436,34,40,2,203,256,1,6,17,15,18,256,2,61,420,195,-3.95193890332956
2020_02_DEN_PIT,2,PIT,B.Roethlisberger,00-0022924,41,42,2,301,311,1,1,3,11,29,311,2,168,233,143,1.10792730242247
2020_02_DET_GB,2,DET,M.Stafford,00-0026498,33,37,3,218,244,1,4,6,12,20,244,2,138,257,106,-6.0248376239615
2020_02_DET_GB,2,GNB,A.Rodgers,00-0023459,30,31,2,229,240,0,1,3,12,18,240,2,100,277,140,14.7731866719615
2020_02_JAX_TEN,2,JAC,G.Minshew,00-0035289,45,47,3,315,339,2,2,5,13,30,339,3,96,393,243,11.3792018429884
2020_02_JAX_TEN,2,TEN,R.Tannehill,00-0029701,24,25,4,231,239,0,1,4,6,18,239,4,89,191,150,18.0335431041051
2020_02_KC_LAC,2,KAN,P.Mahomes,00-0033873,47,48,2,289,302,0,1,8,20,27,302,2,116,339,186,2.64633137115477
2020_02_KC_LAC,2,LAC,J.Herbert,00-0036355,33,34,1,296,311,1,2,7,10,22,311,1,185,283,126,2.6712168447076
2020_02_LA_PHI,2,LAR,J.Goff,00-0033106,27,28,3,258,267,0,1,3,7,20,267,3,109,221,158,21.1968137222927
2020_02_LA_PHI,2,PHI,C.Wentz,00-0032950,43,43,0,242,242,2,0,3,15,26,242,0,111,281,131,-9.30583465984369
2020_02_MIN_IND,2,IND,P.Rivers,00-0022942,25,27,1,203,214,1,2,2,5,19,214,1,108,219,106,2.8611422983273
2020_02_MIN_IND,2,MIN,K.Cousins,00-0029604,26,28,0,95,113,3,3,6,12,11,113,0,19,312,94,-13.0388942377744
2020_02_NE_SEA,2,NWE,C.Newton,00-0027939,44,45,1,397,397,1,1,5,13,30,397,1,126,351,271,20.7895459683589
2020_02_NE_SEA,2,SEA,R.Wilson,00-0029263,28,30,6,275,288,1,2,7,6,21,288,5,133,258,155,10.4620238020434
2020_02_NO_LV,2,LVR,D.Carr,00-0031280,38,41,3,261,284,0,3,4,10,28,284,3,147,265,137,14.4086466194506
2020_02_NO_LV,2,NOR,D.Brees,00-0020531,38,38,1,312,312,1,0,7,11,26,312,1,213,196,99,3.84633764173113
2020_02_NYG_CHI,2,CHI,M.Trubisky,00-0033869,28,32,2,169,190,2,4,5,8,18,190,2,71,239,119,1.77399854173136
2020_02_NYG_CHI,2,NYG,D.Jones,00-0035710,40,42,0,220,241,1,4,4,14,25,241,0,80,254,161,-8.89800479726452
2020_02_SF_NYJ,2,NYJ,S.Darnold,00-0034869,32,33,1,173,179,0,1,6,11,21,179,1,99,144,80,-2.748361950348
2020_02_SF_NYJ,2,SFO,J.Garoppolo,00-0031345,16,17,2,123,131,0,1,6,2,14,131,2,84,86,47,14.4056966485805
2020_02_SF_NYJ,2,SFO,N.Mullens,00-0033319,11,13,0,54,71,1,2,5,2,8,71,0,41,48,30,-6.8540555520442
2020_02_WAS_ARI,2,ARI,K.Murray,00-0035228,38,41,1,278,286,1,3,2,11,26,286,1,120,352,166,3.76193167115552
2020_02_WAS_ARI,2,WAS,D.Haskins,00-0035232,33,37,1,199,223,0,4,8,14,19,223,1,134,283,89,-7.57934880224312
2020_03_CAR_LAC,3,CAR,T.Bridgewater,00-0031237,28,30,1,221,235,0,2,2,6,22,235,1,136,138,99,2.72457748469255
2020_03_CAR_LAC,3,LAC,J.Herbert,00-0036355,49,50,1,319,330,1,2,8,13,35,330,1,186,296,144,-1.27286379492154
2020_03_CHI_ATL,3,ATL,M.Ryan,00-0026143,38,40,1,227,238,1,2,7,18,19,238,1,77,423,161,-7.07552664327406
2020_03_CHI_ATL,3,CHI,M.Trubisky,00-0033869,22,24,1,119,128,1,2,3,8,13,128,1,57,266,71,-4.93474796678842
2020_03_CHI_ATL,3,CHI,N.Foles,00-0029567,29,29,3,188,188,1,0,6,12,16,188,3,95,266,93,5.13004204520257
2020_03_CIN_PHI,3,CIN,J.Burrow,00-0036442,44,52,2,256,312,0,8,17,13,31,312,2,123,390,189,3.7584861013506
2020_03_CIN_PHI,3,PHI,C.Wentz,00-0032950,47,50,1,206,225,2,3,5,16,29,225,1,104,353,121,-8.40164044884149
2020_03_DAL_SEA,3,DAL,D.Prescott,00-0033077,57,59,3,461,472,2,2,10,18,37,472,3,186,458,286,8.69929741373248
2020_03_DAL_SEA,3,SEA,R.Wilson,00-0029263,40,44,5,295,315,0,4,8,13,27,315,5,74,394,241,5.33739826269448
2020_03_DET_ARI,3,ARI,K.Murray,00-0035228,35,36,2,268,270,3,1,2,9,23,270,2,119,332,151,-4.14960266591515
2020_03_DET_ARI,3,DET,M.Stafford,00-0026498,31,35,2,232,270,0,4,6,9,22,270,2,151,220,119,6.25321579899879
2020_03_GB_NO,3,GNB,A.Rodgers,00-0023459,32,33,3,271,283,0,1,3,11,21,283,3,151,288,132,10.8884557697511
2020_03_GB_NO,3,NOR,D.Brees,00-0020531,36,37,3,275,288,0,2,2,7,29,288,3,163,152,125,10.7231018215207
2020_03_HOU_PIT,3,HOU,D.Watson,00-0033537,27,32,2,231,264,1,5,11,7,19,264,2,82,285,182,7.01369289969443
2020_03_HOU_PIT,3,PIT,B.Roethlisberger,00-0022924,36,38,2,218,237,0,2,5,13,23,237,2,140,323,97,8.59103811714755
2020_03_KC_BAL,3,BAL,L.Jackson,00-0034796,28,32,1,70,97,0,4,5,13,15,97,1,32,260,65,-14.926027899355
2020_03_KC_BAL,3,KAN,P.Mahomes,00-0033873,42,42,4,385,385,0,0,4,11,31,385,4,178,346,207,31.3778491390219
2020_03_LA_BUF,3,BUF,J.Allen,00-0034857,33,37,4,274,311,1,4,7,8,24,311,4,140,307,171,8.45506453636335
2020_03_LA_BUF,3,LAR,J.Goff,00-0033106,32,34,2,311,321,1,2,6,8,23,321,2,154,185,167,11.6261831240037
2020_03_LV_NE,3,LVR,D.Carr,00-0031280,32,34,3,249,261,0,2,5,8,24,261,2,115,247,146,-2.2535475771533
2020_03_LV_NE,3,NWE,C.Newton,00-0027939,28,30,1,156,162,1,2,4,10,17,162,1,126,129,36,-4.46183265645947
2020_03_MIA_JAX,3,JAC,G.Minshew,00-0035289,42,46,0,246,275,1,4,9,11,30,275,0,161,313,114,-9.56994947633939
2020_03_MIA_JAX,3,MIA,R.Fitzpatrick,00-0023682,20,21,2,156,160,0,1,5,2,18,160,2,46,144,114,8.72453706222586
2020_03_NYJ_IND,3,IND,J.Brissett,00-0033119,4,4,0,17,17,0,0,0,2,2,17,0,18,7,-1,-0.416206694208086
2020_03_NYJ_IND,3,IND,P.Rivers,00-0022942,21,21,1,217,217,0,0,1,4,17,217,1,101,136,116,9.94697963818926
2020_03_NYJ_IND,3,NYJ,S.Darnold,00-0034869,29,31,3,151,168,3,2,7,9,17,168,1,122,182,46,-22.8810117928078
2020_03_SF_NYG,3,NYG,D.Jones,00-0035710,32,34,0,165,179,1,2,6,14,17,179,0,39,284,140,-6.72544148489359
2020_03_SF_NYG,3,SFO,N.Mullens,00-0033319,36,38,1,327,343,0,2,9,11,25,343,1,141,284,202,24.9493032499566
2020_03_TB_DEN,3,DEN,B.Rypien,00-0034955,9,10,0,53,53,1,1,2,0,8,53,0,22,44,31,-2.88966157723917
2020_03_TB_DEN,3,DEN,J.Driskel,00-0032436,30,35,1,131,176,1,5,8,12,17,176,1,70,218,106,-10.6408468908283
2020_03_TB_DEN,3,TAM,T.Brady,00-0019596,38,40,3,285,297,0,2,6,13,25,297,3,111,311,186,11.5597023630116
2020_03_TEN_MIN,3,MIN,K.Cousins,00-0029604,27,29,3,238,251,2,2,11,9,16,251,3,121,237,130,4.12786819492418
2020_03_TEN_MIN,3,TEN,A.Humphries,00-0032009,0,1,0,0,0,0,1,1,0,0,0,0,0,0,0,-0.474773292895407
2020_03_TEN_MIN,3,TEN,R.Tannehill,00-0029701,37,38,0,310,321,1,1,6,13,23,321,0,88,363,233,-0.591196568342273
2020_03_WAS_CLE,3,CLE,B.Mayfield,00-0034855,23,25,2,142,156,0,2,4,7,16,156,2,66,189,90,8.54908263424207
2020_03_WAS_CLE,3,WAS,D.Haskins,00-0035232,37,40,2,206,224,3,3,3,13,21,224,2,145,245,79,-6.55568963300902
2020_04_ARI_CAR,4,ARI,K.Murray,00-0035228,31,32,3,133,133,0,1,3,7,24,133,3,63,213,70,1.21522022731369
2020_04_ARI_CAR,4,CAR,T.Bridgewater,00-0031237,37,37,2,276,276,1,0,3,10,26,276,2,173,228,103,12.5812969573618
2020_04_ATL_GB,4,ATL,M.Ryan,00-0026143,39,43,0,249,285,0,4,7,11,28,285,0,111,369,174,1.5015928262792
2020_04_ATL_GB,4,GNB,A.Rodgers,00-0023459,33,34,4,315,327,0,1,1,6,27,327,4,173,285,154,25.9075972899264
2020_04_BAL_WAS,4,BAL,L.Jackson,00-0034796,21,22,2,191,193,1,1,2,6,14,193,2,48,317,145,10.3583641309142
2020_04_BAL_WAS,4,BAL,R.Griffin,00-0029665,1,1,0,0,0,1,0,1,0,0,0,0,0,37,0,-1.79563865502132
2020_04_BAL_WAS,4,BAL,S.Koch,00-0024417,1,1,0,15,15,0,0,0,0,1,15,0,6,9,9,3.39332748652669
2020_04_BAL_WAS,4,WAS,D.Haskins,00-0035232,45,48,0,274,314,0,3,9,13,32,314,0,204,200,110,-4.61298483641743
2020_04_BUF_LV,4,BUF,J.Allen,00-0034857,34,35,2,274,288,0,1,6,10,24,288,2,77,229,211,18.573673158527
2020_04_BUF_LV,4,LVR,D.Carr,00-0031280,44,45,2,297,311,0,2,4,12,32,311,2,138,267,173,5.50171716515468
2020_04_CLE_DAL,4,CLE,B.Mayfield,00-0034855,30,31,2,164,165,0,2,2,11,19,165,2,44,258,121,6.76906562259008
2020_04_CLE_DAL,4,CLE,J.Landry,00-0031382,1,1,1,37,37,0,0,0,0,1,37,1,0,37,37,3.44510466582142
2020_04_CLE_DAL,4,DAL,D.Prescott,00-0033077,58,61,4,481,502,1,3,2,16,41,502,4,235,511,267,10.28781116358
2020_04_DEN_NYJ,4,DEN,B.Rypien,00-0034955,31,31,3,242,242,3,0,5,9,19,242,2,60,302,182,1.20406871625157
2020_04_DEN_NYJ,4,NYJ,J.Flacco,00-0026158,2,2,0,16,16,0,0,0,0,2,16,0,8,8,8,-0.947412116453052
2020_04_DEN_NYJ,4,NYJ,S.Darnold,00-0034869,42,48,0,176,230,0,6,9,19,23,230,0,60,431,170,-12.841501342035
2020_04_IND_CHI,4,CHI,N.Foles,00-0029567,42,43,1,241,249,1,1,5,15,26,249,1,71,373,178,-4.56331902224469
2020_04_IND_CHI,4,IND,P.Rivers,00-0022942,29,30,1,186,190,0,1,3,13,16,190,1,73,230,117,6.71901326029725
2020_04_JAX_CIN,4,CIN,J.Burrow,00-0036442,36,37,1,300,300,1,1,5,10,25,300,1,130,370,170,8.89080131882654
2020_04_JAX_CIN,4,JAC,G.Minshew II,00-0035289,40,42,2,340,351,1,3,4,12,27,351,2,146,304,205,11.2342058280969
2020_04_LAC_TB,4,LAC,J.Herbert,00-0036355,25,27,3,278,290,1,2,6,4,20,290,3,161,193,129,13.6531923804124
2020_04_LAC_TB,4,TAM,T.Brady,00-0019596,46,46,6,369,369,1,0,6,15,30,369,5,109,431,260,12.685636314257
2020_04_MIN_HOU,4,HOU,D.Watson,00-0033537,33,36,2,290,300,0,3,4,13,20,300,2,102,300,198,7.38793980051462
2020_04_MIN_HOU,4,MIN,K.Cousins,00-0029604,22,25,1,248,260,0,3,8,6,16,260,1,94,276,166,9.87161744914872
2020_04_NE_KC,4,KAN,P.Mahomes,00-0033873,29,30,2,229,236,0,1,1,10,19,236,2,152,235,84,1.92640218045505
2020_04_NE_KC,4,NWE,B.Hoyer,00-0026625,24,26,0,112,130,1,2,3,8,15,130,0,56,196,74,-9.24764576118516
2020_04_NE_KC,4,NWE,J.Stidham,00-0035264,13,13,2,60,60,2,0,3,6,5,60,1,31,100,29,-9.68836469767848
2020_04_NO_DET,4,DET,M.Stafford,00-0026498,31,34,3,191,206,1,3,7,13,17,206,3,75,325,131,1.13070404401515
2020_04_NO_DET,4,NOR,D.Brees,00-0020531,25,27,2,228,246,1,2,6,5,19,246,2,90,233,156,10.5548061465961
2020_04_NYG_LA,4,LAR,J.Goff,00-0033106,32,34,1,182,200,0,2,5,7,25,200,1,118,196,82,-5.79683094515672
2020_04_NYG_LA,4,NYG,D.Jones,00-0035710,36,41,0,159,190,1,5,8,12,23,190,0,118,209,72,-12.509298419321
2020_04_PHI_SF,4,PHI,C.Wentz,00-0032950,28,31,1,174,193,1,3,9,9,18,193,1,111,159,82,-3.20247499317819
2020_04_PHI_SF,4,SFO,C.Beathard,00-0033936,19,19,0,129,138,0,1,4,5,14,138,0,50,126,88,3.91245843426441
2020_04_PHI_SF,4,SFO,N.Mullens,00-0033319,26,30,2,172,200,2,4,10,6,18,200,1,118,133,82,-12.486713434686
2020_04_SEA_MIA,4,MIA,R.Fitzpatrick,00-0023682,45,46,0,312,315,2,1,5,14,29,315,0,139,341,176,2.5873335166091
2020_04_SEA_MIA,4,SEA,R.Wilson,00-0029263,34,36,2,343,360,1,2,5,9,24,360,2,168,305,192,10.8542367582408
2020_05_ARI_NYJ,5,ARI,K.Murray,00-0035228,37,37,1,369,380,1,1,1,9,27,380,1,152,336,228,13.4988817836553
2020_05_ARI_NYJ,5,NYJ,J.Flacco,00-0026158,33,35,1,178,195,0,2,5,15,18,195,1,95,322,100,-2.6866600353494
2020_05_ARI_NYJ,5,NYJ,J.Smith,00-0035510,0,1,0,-16,0,0,1,1,0,0,0,0,0,0,0,-1.92287705012131
2020_05_BUF_TEN,5,BUF,J.Allen,00-0034857,41,42,2,253,263,2,1,3,13,26,263,2,67,388,196,3.35302110845103
2020_05_BUF_TEN,5,BUF,M.Barkley,00-0030533,5,5,0,22,22,0,0,0,2,3,22,0,2,18,20,-3.523927112401
2020_05_BUF_TEN,5,TEN,R.Tannehill,00-0029701,28,28,3,195,195,0,0,2,7,21,195,3,69,181,126,13.888818386069
2020_05_CAR_ATL,5,ATL,M.Ryan,00-0026143,37,38,0,207,226,1,2,4,15,21,226,0,84,284,142,-3.74347962465525
2020_05_CAR_ATL,5,CAR,T.Bridgewater,00-0031237,36,36,2,313,313,0,0,4,9,27,313,2,178,218,135,16.7852266763135
2020_05_CIN_BAL,5,BAL,L.Jackson,00-0034796,37,38,2,171,180,1,1,6,17,19,180,2,84,318,96,-5.07219202218192
2020_05_CIN_BAL,5,CIN,J.Burrow,00-0036442,30,37,1,135,183,1,7,15,10,19,183,0,85,220,98,-23.6775073870085
2020_05_IND_CLE,5,CLE,B.Mayfield,00-0034855,37,38,2,243,247,2,1,3,14,21,247,2,80,323,167,3.43320821067537
2020_05_IND_CLE,5,CLE,O.Beckham,00-0031235,1,1,0,18,18,0,0,0,0,1,18,0,1,17,17,0.589170696795918
2020_05_IND_CLE,5,IND,P.Rivers,00-0022942,33,34,1,240,243,2,1,5,10,21,243,0,101,263,142,-6.8628172511798
2020_05_JAX_HOU,5,HOU,D.Watson,00-0033537,35,36,3,357,359,2,1,5,8,25,359,3,136,366,223,11.2487093084009
2020_05_JAX_HOU,5,JAC,G.Minshew II,00-0035289,49,52,2,293,301,0,3,5,18,31,301,2,158,295,143,0.526510652272795
2020_05_JAX_HOU,5,JAC,J.Robinson,00-0035831,0,1,0,-4,0,0,1,0,0,0,0,0,0,0,0,-4.40899270621594
2020_05_LA_WAS,5,LAR,J.Goff,00-0033106,30,31,2,300,309,1,1,1,8,21,309,2,192,188,117,12.4816052360281
2020_05_LA_WAS,5,WAS,A.Smith,00-0023436,17,23,0,6,37,0,6,5,8,9,37,0,39,97,-2,-20.4201698561025
2020_05_LA_WAS,5,WAS,K.Allen,00-0034577,13,15,0,64,74,0,2,3,4,9,74,0,63,42,11,-2.87404883466661
2020_05_LAC_NO,5,LAC,J.Herbert,00-0036355,33,36,4,234,259,0,3,11,14,19,259,4,98,379,161,6.16066118295672
2020_05_LAC_NO,5,NOR,D.Brees,00-0020531,47,49,1,313,325,1,2,6,13,33,325,1,100,318,225,-0.211628906247763
2020_05_LAC_NO,5,NOR,T.Hill,00-0033357,1,1,0,0,0,0,0,1,1,0,0,0,0,9,0,-0.497901110444218
2020_05_LV_KC,5,KAN,P.Mahomes,00-0033873,43,46,2,333,340,1,3,5,20,22,340,2,161,440,179,10.4443685408615
2020_05_LV_KC,5,LVR,D.Carr,00-0031280,31,32,3,346,347,1,1,4,8,22,347,3,181,271,166,16.9309298596321
2020_05_MIA_SF,5,MIA,R.Fitzpatrick,00-0023682,28,30,3,342,350,0,2,6,6,22,350,3,141,268,209,23.5285588385289
2020_05_MIA_SF,5,SFO,C.Beathard,00-0033936,18,20,1,74,94,0,2,5,9,9,94,1,55,154,39,-7.880294772884
2020_05_MIA_SF,5,SFO,J.Garoppolo,00-0031345,17,20,0,54,77,2,3,4,8,7,77,0,38,162,39,-12.6541655078763
2020_05_MIN_SEA,5,MIN,K.Cousins,00-0029604,39,42,2,248,249,1,3,4,11,27,249,2,96,271,153,11.704122174414
2020_05_MIN_SEA,5,SEA,R.Wilson,00-0029263,32,36,3,190,217,1,4,9,11,20,217,3,74,391,143,1.79804917320143
2020_05_NYG_DAL,5,DAL,A.Dalton,00-0027973,11,12,0,106,111,0,1,1,2,9,111,0,32,88,79,1.35865048336168
2020_05_NYG_DAL,5,DAL,C.Wilson,00-0034418,1,1,1,11,11,0,0,0,0,1,11,1,1,10,10,2.66843739943579
2020_05_NYG_DAL,5,DAL,D.Prescott,00-0033077,21,22,1,159,166,1,1,3,6,14,166,0,70,139,96,-0.237522913256943
2020_05_NYG_DAL,5,NYG,D.Jones,00-0035710,33,35,1,211,222,0,2,9,13,20,222,0,111,194,111,-1.98118880172575
2020_05_PHI_PIT,5,PHI,C.Wentz,00-0032950,35,40,2,224,258,2,5,10,13,20,258,2,58,461,200,4.21008160115425
2020_05_PHI_PIT,5,PHI,J.Hurts,00-0036389,1,1,0,18,18,0,0,0,0,1,18,0,5,13,13,1.16605014842935
2020_05_PHI_PIT,5,PIT,B.Roethlisberger,00-0022924,34,35,3,231,239,0,1,2,7,27,239,3,138,196,101,13.1516161758582
2020_05_TB_CHI,5,CHI,N.Foles,00-0029567,42,45,1,208,243,1,3,7,11,30,243,1,91,333,152,-4.62680137985021
2020_05_TB_CHI,5,TAM,T.Brady,00-0019596,41,44,1,233,253,0,3,8,16,25,253,1,100,383,153,-2.62360653423515
2020_06_ARI_DAL,6,ARI,K.Murray,00-0035228,24,25,2,177,188,0,1,1,15,9,188,2,117,240,71,1.42700720844505
2020_06_ARI_DAL,6,DAL,A.Dalton,00-0027973,54,57,1,247,266,2,3,8,18,34,266,1,153,301,113,-8.7473419946776
2020_06_ATL_MIN,6,ATL,M.Ryan,00-0026143,40,42,4,363,371,0,2,5,10,30,371,4,171,270,200,30.4415847081377
2020_06_ATL_MIN,6,MIN,K.Cousins,00-0029604,36,37,3,333,343,3,1,8,9,24,343,3,137,330,206,-0.775124876439804
2020_06_BAL_PHI,6,BAL,L.Jackson,00-0034796,27,30,1,173,186,0,3,3,11,16,186,1,88,186,98,1.91893977164554
2020_06_BAL_PHI,6,PHI,C.Wentz,00-0032950,40,46,2,170,213,0,6,17,19,21,213,2,61,369,152,-7.48027797939722
2020_06_CHI_CAR,6,CAR,T.Bridgewater,00-0031237,29,33,0,191,216,2,4,5,11,16,216,0,75,260,141,-9.11354617056148
2020_06_CHI_CAR,6,CHI,N.Foles,00-0029567,39,38,1,198,198,1,0,9,15,23,198,1,88,240,110,0.819565431808612
2020_06_CIN_IND,6,CIN,J.Burrow,00-0036442,39,41,0,300,313,1,2,5,13,25,313,0,130,344,183,14.3935065553622
2020_06_CIN_IND,6,IND,P.Rivers,00-0022942,44,45,3,371,371,1,1,3,14,29,371,3,174,340,197,13.430129557712
2020_06_CLE_PIT,6,CLE,B.Mayfield,00-0034855,18,22,2,99,119,2,4,5,6,10,119,1,58,117,61,-13.481387375854
2020_06_CLE_PIT,6,CLE,C.Keenum,00-0028986,10,10,0,46,46,0,0,2,5,5,46,0,28,27,18,-4.15652082965244
2020_06_CLE_PIT,6,PIT,B.Roethlisberger,00-0022924,22,24,1,142,162,0,2,2,8,14,162,1,64,173,98,1.12679266447405
2020_06_CLE_PIT,6,PIT,M.Rudolph,00-0034771,1,1,0,6,6,0,0,0,0,1,6,0,7,-1,-1,-0.633109946735203
2020_06_DEN_NE,6,DEN,D.Lock,00-0035704,24,26,0,164,189,2,2,4,12,10,189,0,50,391,139,-4.98868055236901
2020_06_DEN_NE,6,NWE,C.Newton,00-0027939,25,29,0,133,157,2,4,8,6,17,157,0,96,149,61,-19.151312226974
2020_06_DEN_NE,6,NWE,J.Edelman,00-0027150,2,2,0,38,38,0,0,0,0,2,38,0,40,-2,-2,3.44430480233859
2020_06_DET_JAX,6,DET,M.Stafford,00-0026498,31,31,1,223,223,1,0,4,11,19,223,1,94,269,129,4.1488750210962
2020_06_DET_JAX,6,JAC,G.Minshew II,00-0035289,44,45,1,231,243,1,1,4,18,25,243,1,112,417,131,-5.68932576550912
2020_06_GB_TB,6,GNB,A.Rodgers,00-0023459,35,39,1,118,160,2,4,11,17,16,160,0,81,298,79,-15.2897437881558
2020_06_GB_TB,6,GNB,T.Boyle,00-0034177,0,1,0,-11,0,0,1,1,0,0,0,0,0,0,0,-2.06141593540087
2020_06_GB_TB,6,TAM,B.Gabbert,00-0027948,1,1,0,0,0,0,0,0,1,0,0,0,0,0,0,-0.478314883075655
2020_06_GB_TB,6,TAM,T.Brady,00-0019596,27,27,2,166,166,0,0,4,10,17,166,2,72,231,94,6.48244893333624
2020_06_HOU_TEN,6,HOU,D.Watson,00-0033537,37,38,4,320,335,0,2,5,9,28,335,4,112,327,223,21.8271099467869
2020_06_HOU_TEN,6,HOU,R.Cobb,00-0028002,1,1,0,0,0,0,0,0,1,0,0,0,0,7,0,-0.517371096415445
2020_06_HOU_TEN,6,TEN,R.Tannehill,00-0029701,41,43,4,344,366,1,2,6,10,30,366,4,158,309,208,16.3455024733879
2020_06_KC_BUF,6,BUF,J.Allen,00-0034857,27,27,2,122,122,1,0,5,12,14,122,2,46,272,76,-3.11077193410865
2020_06_KC_BUF,6,KAN,P.Mahomes,00-0033873,26,27,2,221,225,0,1,4,5,21,225,2,104,161,121,15.1330095032463
2020_06_LA_SF,6,LAR,J.Goff,00-0033106,38,38,2,198,198,1,0,2,18,19,194,2,51,455,143,-3.34685115866463
2020_06_LA_SF,6,SFO,J.Garoppolo,00-0031345,33,33,3,268,268,0,0,3,10,23,268,3,223,145,45,12.8065794444119
2020_06_NYJ_MIA,6,MIA,R.Fitzpatrick,00-0023682,27,29,3,183,191,2,2,3,7,18,191,3,115,211,76,-5.22999103481691
2020_06_NYJ_MIA,6,MIA,T.Tagovailoa,00-0036212,2,2,0,9,9,0,0,0,0,2,9,0,0,9,9,0.748500450863503
2020_06_NYJ_MIA,6,NYJ,J.Flacco,00-0026158,44,47,0,148,186,1,3,10,22,21,186,0,98,396,88,-18.1574911565992
2020_06_WAS_NYG,6,NYG,D.Jones,00-0035710,19,20,1,108,112,1,1,5,6,12,112,1,38,151,74,-0.307515521330065
2020_06_WAS_NYG,6,WAS,K.Allen,00-0034577,42,45,3,251,280,1,3,9,10,31,280,2,149,244,131,0.167755373307703
2020_07_BUF_NYJ,7,BUF,J.Allen,00-0034857,43,45,0,296,307,0,2,3,13,30,307,0,172,308,135,6.26283790342849
2020_07_BUF_NYJ,7,NYJ,S.Darnold,00-0034869,23,29,0,91,120,2,6,7,9,12,120,0,39,149,81,-12.3616853625545
2020_07_CAR_NO,7,CAR,T.Bridgewater,00-0031237,28,29,2,246,254,0,1,2,5,23,254,2,158,186,96,14.069193280564
2020_07_CAR_NO,7,NOR,D.Brees,00-0020531,36,36,2,277,287,0,1,3,7,29,287,2,137,178,150,14.9982072009664
2020_07_CAR_NO,7,NOR,T.Hill,00-0033357,1,1,0,0,0,0,0,0,0,1,0,0,1,-1,-1,-0.808670670259744
2020_07_CHI_LA,7,CHI,N.Foles,00-0029567,40,44,0,230,261,2,4,7,10,28,261,0,112,449,149,-17.9263268008973
2020_07_CHI_LA,7,LAR,J.Goff,00-0033106,33,34,2,211,220,0,1,5,10,23,220,2,120,268,100,3.50323738881855
2020_07_CLE_CIN,7,CIN,J.Burrow,00-0036442,47,51,3,371,406,1,4,6,11,35,406,3,197,447,209,17.1553522023353
2020_07_CLE_CIN,7,CIN,T.Boyd,00-0033009,1,1,0,16,16,0,0,0,0,1,16,0,22,-6,-6,1.23613078601193
2020_07_CLE_CIN,7,CLE,B.Mayfield,00-0034855,28,27,5,297,297,1,0,5,5,22,297,5,114,267,183,21.5127148441839
2020_07_CLE_CIN,7,CLE,J.Landry,00-0031382,1,1,0,19,19,0,0,1,0,1,19,0,0,19,19,1.21062029956374
2020_07_DAL_WAS,7,DAL,A.Dalton,00-0027973,19,22,0,45,75,1,3,5,9,9,75,0,38,124,37,-9.70511064573657
2020_07_DAL_WAS,7,DAL,B.DiNucci,00-0036384,3,6,0,14,39,0,3,3,1,2,39,0,14,36,25,-2.50424830592237
2020_07_DAL_WAS,7,WAS,K.Allen,00-0034577,25,27,2,189,194,0,2,4,10,15,194,2,70,197,124,8.31866089528149
2020_07_DET_ATL,7,ATL,M.Ryan,00-0026143,42,44,1,322,338,0,2,6,11,31,338,1,103,283,235,9.68192082404858
2020_07_DET_ATL,7,DET,M.Stafford,00-0026498,36,34,1,322,340,0,2,6,11,25,340,1,80,337,260,12.4110254906454
2020_07_GB_HOU,7,GNB,A.Rodgers,00-0023459,34,34,4,283,283,0,0,1,11,23,283,4,167,233,116,17.9923554424022
2020_07_GB_HOU,7,HOU,D.Watson,00-0033537,39,42,2,286,309,0,3,4,10,29,309,2,133,248,176,4.80341806790077
2020_07_JAX_LAC,7,JAC,G.Minshew II,00-0035289,27,32,2,154,173,0,5,7,13,14,173,2,68,252,105,-0.54878995299805
2020_07_JAX_LAC,7,LAC,E.Stick,00-0035282,1,1,0,4,4,0,0,0,0,1,4,0,4,0,0,-0.238974142121151
2020_07_JAX_LAC,7,LAC,J.Herbert,00-0036355,43,44,3,345,347,0,1,5,16,27,347,3,195,383,152,14.6438162566518
2020_07_KC_DEN,7,DEN,D.Lock,00-0035704,40,43,1,234,254,2,3,6,14,24,254,0,164,265,90,-18.5039488349221
2020_07_KC_DEN,7,KAN,C.Henne,00-0026197,2,3,0,10,13,0,1,1,0,2,13,0,11,2,2,2.15308771052514
2020_07_KC_DEN,7,KAN,P.Mahomes,00-0033873,23,26,1,175,200,0,3,6,8,15,200,1,120,164,80,-2.36332450172893
2020_07_NYG_PHI,7,NYG,D.Jones,00-0035710,30,33,2,165,187,1,3,8,9,20,187,2,97,180,90,-3.49076046160189
2020_07_NYG_PHI,7,PHI,C.Wentz,00-0032950,43,46,2,346,359,1,3,10,17,25,359,2,115,374,244,6.35045731070558
2020_07_PIT_TEN,7,PIT,B.Roethlisberger,00-0022924,49,49,2,268,268,3,0,5,14,32,268,2,158,266,110,6.07013584394625
2020_07_PIT_TEN,7,TEN,B.Kern,00-0025825,1,1,0,0,0,0,0,0,1,0,0,0,0,18,0,-1.87632871506503
2020_07_PIT_TEN,7,TEN,R.Tannehill,00-0029701,30,32,2,210,220,0,2,7,12,18,220,2,108,247,112,6.78903731637269
2020_07_SEA_ARI,7,ARI,K.Murray,00-0035228,48,44,3,360,360,1,0,0,13,34,360,3,175,387,185,7.30010887916559
2020_07_SEA_ARI,7,SEA,R.Wilson,00-0029263,50,52,3,372,388,3,2,9,14,33,388,3,158,451,230,0.158355956588437
2020_07_SF_NE,7,NWE,C.Newton,00-0027939,15,16,0,90,98,3,1,1,3,9,98,0,21,169,77,-11.4779485974645
2020_07_SF_NE,7,NWE,J.Stidham,00-0035264,10,11,0,57,64,1,1,1,3,6,64,0,51,34,13,-3.81385024939664
2020_07_SF_NE,7,SFO,J.Garoppolo,00-0031345,25,26,0,270,277,2,1,2,3,20,277,0,184,160,93,15.6796545100658
2020_07_TB_LV,7,LVR,D.Carr,00-0031280,36,39,2,271,284,1,3,5,11,24,284,2,137,315,147,-6.10617767447238
2020_07_TB_LV,7,TAM,T.Brady,00-0019596,45,43,4,369,369,0,0,1,12,33,369,4,134,399,235,26.7000997793465
2020_08_ATL_CAR,8,ATL,M.Ryan,00-0026143,30,32,0,270,281,1,2,5,8,21,281,0,90,258,191,9.87413132277463
2020_08_ATL_CAR,8,CAR,P.Walker,00-0033275,4,4,0,3,3,0,0,0,3,1,0,0,3,36,-3,-2.82685098587061
2020_08_ATL_CAR,8,CAR,T.Bridgewater,00-0031237,23,26,1,154,176,1,3,6,7,15,176,1,69,185,107,-1.14047845971072
2020_08_DAL_PHI,8,DAL,B.DiNucci,00-0036384,40,43,1,132,180,0,4,7,19,21,180,0,120,313,60,-25.073359329695
2020_08_DAL_PHI,8,PHI,C.Wentz,00-0032950,27,31,2,94,123,2,4,6,10,15,123,2,29,298,94,-16.5681414465653
2020_08_DAL_PHI,8,PHI,J.Hurts,00-0036389,1,1,0,9,9,0,0,0,0,1,9,0,3,6,6,0.68572845950257
2020_08_IND_DET,8,DET,M.Stafford,00-0026498,42,46,4,297,336,1,5,8,17,24,336,3,142,398,194,-6.96545618865289
2020_08_IND_DET,8,IND,P.Rivers,00-0022942,33,35,3,247,262,0,2,4,10,23,262,3,143,211,119,17.6782549509662
2020_08_IND_DET,8,IND,Z.Pascal,00-0033251,1,1,0,0,0,0,0,0,1,0,0,0,0,13,0,-0.556113167200238
2020_08_LA_MIA,8,LAR,J.Goff,00-0033106,61,62,2,340,355,2,2,9,24,35,355,1,200,365,155,-25.5332031754669
2020_08_LA_MIA,8,MIA,T.Tagovailoa,00-0036212,22,23,1,90,93,0,1,2,10,12,93,1,47,118,46,-10.161339998187
2020_08_LAC_DEN,8,DEN,D.Lock,00-0035704,41,42,3,243,248,1,2,5,14,26,248,3,115,308,133,3.18281201951483
2020_08_LAC_DEN,8,LAC,J.Herbert,00-0036355,43,45,3,275,278,2,2,4,12,29,278,3,140,281,138,5.03150149854501
2020_08_LAC_DEN,8,LAC,K.Allen,00-0030279,1,1,0,0,0,0,0,0,1,0,0,0,0,15,0,-0.517419007606804
2020_08_LV_CLE,8,CLE,B.Mayfield,00-0034855,25,25,0,122,122,0,0,1,13,12,122,0,74,193,48,-5.91022481094285
2020_08_LV_CLE,8,LVR,D.Carr,00-0031280,24,25,1,100,111,0,2,2,9,15,111,1,60,140,51,1.14817918594654
2020_08_MIN_GB,8,GNB,A.Rodgers,00-0023459,41,41,3,291,291,0,1,2,14,27,291,3,125,334,166,10.2455546491547
2020_08_MIN_GB,8,MIN,K.Cousins,00-0029604,14,15,1,151,160,0,1,1,3,11,160,1,131,25,29,12.0135421975283
2020_08_NE_BUF,8,BUF,J.Allen,00-0034857,18,19,0,149,154,1,1,4,6,11,154,0,83,179,71,-1.13088133876461
2020_08_NE_BUF,8,NWE,C.Newton,00-0027939,25,27,0,161,174,0,2,5,10,15,174,0,92,143,82,2.23838291341338
2020_08_NO_CHI,8,CHI,N.Foles,00-0029567,41,46,2,233,272,1,5,7,12,28,272,2,64,326,208,-1.91718700081001
2020_08_NO_CHI,8,NOR,D.Brees,00-0020531,41,42,2,272,280,0,1,2,10,31,280,2,169,190,111,8.23890328901356
2020_08_NYJ_KC,8,KAN,C.Henne,00-0026197,4,4,0,17,17,0,0,0,1,3,17,0,8,9,9,-1.12928913783981
2020_08_NYJ_KC,8,KAN,P.Mahomes,00-0033873,42,42,5,416,416,0,0,3,11,31,416,5,198,388,218,27.6903733618092
2020_08_NYJ_KC,8,KAN,T.Townsend,00-0035889,1,1,0,13,13,0,0,0,0,1,13,0,7,6,6,3.45301585749257
2020_08_NYJ_KC,8,NYJ,S.Darnold,00-0034869,30,30,0,128,133,0,1,5,12,18,133,0,74,193,59,-9.09277089006922
2020_08_PIT_BAL,8,BAL,L.Jackson,00-0034796,28,31,3,192,208,2,4,9,13,13,208,2,77,232,131,-9.20806107435868
2020_08_PIT_BAL,8,PIT,B.Roethlisberger,00-0022924,32,34,2,173,182,0,2,5,11,21,182,2,93,232,89,0.274857140902896
2020_08_SF_SEA,8,SEA,R.Wilson,00-0029263,37,39,4,249,261,0,2,3,10,27,261,4,128,260,133,16.4509963374234
2020_08_SF_SEA,8,SFO,J.Garoppolo,00-0031345,16,19,0,61,84,1,3,4,4,11,84,0,24,106,60,-5.73918659874471
2020_08_SF_SEA,8,SFO,N.Mullens,00-0033319,25,25,2,238,238,0,0,4,7,18,238,2,90,185,148,18.304870918626
2020_08_TB_NYG,8,NYG,D.Jones,00-0035710,41,44,2,238,256,2,3,10,14,25,256,2,117,325,139,0.422043273063395
2020_08_TB_NYG,8,NYG,G.Tate,00-0027891,1,1,0,18,18,0,0,1,0,1,18,0,23,-5,-5,2.64876522775739
2020_08_TB_NYG,8,TAM,T.Brady,00-0019596,40,42,2,263,279,0,2,4,12,28,279,2,94,364,185,6.45339019676875
2020_08_TEN_CIN,8,CIN,J.Burrow,00-0036442,37,37,2,249,249,0,0,2,11,26,249,2,73,245,176,18.2253549392105
2020_08_TEN_CIN,8,TEN,R.Tannehill,00-0029701,30,31,2,223,233,1,1,5,11,18,233,2,74,271,159,0.213672639624555
2020_09_BAL_IND,9,BAL,L.Jackson,00-0034796,23,25,0,156,170,0,2,2,4,19,170,0,104,86,66,7.42934009910096
2020_09_BAL_IND,9,IND,J.Brissett,00-0033119,1,1,0,0,0,0,0,0,1,0,0,0,0,-1,0,-0.315875830478035
2020_09_BAL_IND,9,IND,P.Rivers,00-0022942,43,41,0,227,227,1,0,2,17,25,227,0,169,271,58,-13.7521434311178
2020_09_CAR_KC,9,CAR,J.Charlton,00-0036320,1,1,0,28,28,0,0,0,0,1,28,0,10,18,18,4.73220307042357
2020_09_CAR_KC,9,CAR,T.Bridgewater,00-0031237,49,50,2,303,310,0,2,9,13,36,307,2,186,262,121,13.5781659828615
2020_09_CAR_KC,9,KAN,P.Mahomes,00-0033873,45,46,4,361,372,0,2,8,15,30,372,4,137,407,235,13.3194450931249
2020_09_CHI_TEN,9,CHI,N.Foles,00-0029567,52,55,3,319,335,0,3,9,16,36,335,2,137,320,198,-5.97357290496132
2020_09_CHI_TEN,9,TEN,R.Tannehill,00-0029701,21,24,2,136,158,0,3,6,11,10,158,2,78,215,80,-1.04808722292302
2020_09_DEN_ATL,9,ATL,M.Ryan,00-0026143,35,37,3,271,284,1,2,9,9,25,284,3,89,336,195,10.9758252014882
2020_09_DEN_ATL,9,DEN,D.Lock,00-0035704,48,49,2,302,313,1,1,10,22,25,313,2,127,440,186,1.35419577666525
2020_09_DET_MIN,9,DET,C.Daniel,00-0026544,13,12,1,94,94,1,0,1,4,8,94,1,45,97,49,-4.64188937670745
2020_09_DET_MIN,9,DET,M.Stafford,00-0026498,32,34,1,198,211,2,2,4,7,23,211,1,122,176,89,-1.44142083732107
2020_09_DET_MIN,9,MIN,K.Cousins,00-0029604,20,21,3,212,220,0,1,2,7,13,220,3,114,217,106,6.3355093486025
2020_09_GB_SF,9,GNB,A.Rodgers,00-0023459,31,32,4,294,305,0,1,1,6,25,305,4,131,229,174,19.7490295656205
2020_09_GB_SF,9,SFO,N.Mullens,00-0033319,35,36,1,282,291,1,1,5,12,22,291,1,197,224,94,-2.95358034286751
2020_09_HOU_JAX,9,HOU,D.Watson,00-0033537,32,34,2,267,281,0,2,4,13,19,281,2,194,291,87,7.12231682850585
2020_09_HOU_JAX,9,JAC,J.Luton,00-0036312,38,40,1,288,304,1,2,4,11,26,304,1,135,323,169,3.22515411279073
2020_09_LV_LAC,9,LAC,J.Herbert,00-0036355,42,43,2,312,326,0,2,7,14,28,326,2,131,309,195,10.149269269889
2020_09_LV_LAC,9,LVR,D.Carr,00-0031280,23,24,2,160,165,0,1,3,10,13,165,2,56,281,109,1.26964619752765
2020_09_MIA_ARI,9,ARI,K.Murray,00-0035228,26,27,4,264,283,0,1,4,5,21,283,3,52,250,231,9.64766873025651
2020_09_MIA_ARI,9,MIA,T.Tagovailoa,00-0036212,28,30,2,221,248,0,3,3,8,20,248,2,68,229,180,10.7597100773766
2020_09_NE_NYJ,9,NWE,C.Newton,00-0027939,35,34,0,274,274,0,0,4,8,27,274,0,106,281,168,13.972489409448
2020_09_NE_NYJ,9,NYJ,J.Flacco,00-0026158,25,26,3,257,262,1,1,4,6,18,262,3,97,315,165,14.2374132506675
2020_09_NO_TB,9,NOR,D.Brees,00-0020531,32,33,4,222,222,0,1,3,6,26,222,4,81,161,141,5.41427260641935
2020_09_NO_TB,9,NOR,J.Winston,00-0031503,1,1,0,12,12,0,0,0,0,1,12,0,12,0,0,1.88549254526151
2020_09_NO_TB,9,NOR,T.Hill,00-0033357,2,2,0,48,48,0,0,0,0,2,48,0,30,18,18,4.97308843495557
2020_09_NO_TB,9,TAM,T.Brady,00-0019596,38,41,0,186,209,3,3,9,13,22,209,0,80,365,129,-23.3233474628768
2020_09_NYG_WAS,9,NYG,D.Jones,00-0035710,34,39,1,184,212,0,5,8,11,23,212,1,90,181,122,2.60409680699602
2020_09_NYG_WAS,9,WAS,A.Smith,00-0023436,32,34,1,303,325,3,2,6,5,24,325,1,235,107,90,2.11664025835005
2020_09_NYG_WAS,9,WAS,K.Allen,00-0034577,7,7,0,62,62,0,0,0,2,5,62,0,42,40,20,-1.66621190507431
2020_09_PIT_DAL,9,DAL,G.Gilbert,00-0031395,38,39,1,220,243,1,2,8,16,21,243,1,52,348,191,-9.01633102903438
2020_09_PIT_DAL,9,PIT,B.Roethlisberger,00-0022924,42,42,3,306,306,0,0,2,13,29,306,3,185,313,121,11.8812682904282
2020_09_PIT_DAL,9,PIT,M.Rudolph,00-0034771,3,3,0,3,3,0,0,0,1,2,3,0,0,15,3,-1.2069862431963
2020_09_SEA_BUF,9,BUF,J.Allen,00-0034857,38,45,3,386,415,0,7,9,7,31,415,3,194,341,221,16.4707288941216
2020_09_SEA_BUF,9,SEA,R.Wilson,00-0029263,41,46,2,362,390,2,5,11,11,28,390,2,145,380,245,2.27587594676863
2020_10_BAL_NE,10,BAL,L.Jackson,00-0034796,34,36,2,242,249,1,2,2,9,24,249,2,145,259,104,4.27485937377841
2020_10_BAL_NE,10,NWE,C.Newton,00-0027939,17,18,1,111,118,0,1,2,4,13,118,1,66,82,52,3.25960885569433
2020_10_BAL_NE,10,NWE,J.Meyers,00-0034960,1,1,1,24,24,0,0,1,0,1,24,1,0,24,24,3.51887830090709
2020_10_BUF_ARI,10,ARI,K.Murray,00-0035228,32,35,1,236,245,1,3,4,9,22,245,1,96,231,149,2.92880197701941
2020_10_BUF_ARI,10,BUF,I.McKenzie,00-0033466,1,1,1,12,12,0,0,0,0,1,12,1,17,-5,-5,2.29472383309621
2020_10_BUF_ARI,10,BUF,J.Allen,00-0034857,49,49,2,284,284,2,0,4,15,32,284,2,149,348,135,-0.554259731975739
2020_10_CIN_PIT,10,CIN,J.Burrow,00-0036442,40,43,1,185,213,0,4,9,19,21,213,1,107,343,106,-16.4051381496475
2020_10_CIN_PIT,10,PIT,B.Roethlisberger,00-0022924,46,46,4,333,333,0,0,8,19,27,319,4,138,431,181,11.5576934172931
2020_10_DEN_LV,10,DEN,D.Lock,00-0035704,47,49,1,247,257,4,2,7,20,23,257,1,64,397,193,-17.9273164722215
2020_10_DEN_LV,10,LVR,D.Carr,00-0031280,25,25,0,154,154,0,0,0,9,16,154,0,64,219,90,3.01907188579796
2020_10_HOU_CLE,10,CLE,B.Mayfield,00-0034855,20,21,0,125,132,0,1,2,8,12,132,0,55,165,77,-3.26906378867671
2020_10_HOU_CLE,10,HOU,D.Watson,00-0033537,30,32,1,153,163,0,2,3,10,20,163,1,92,180,71,0.679283571073699
2020_10_IND_TEN,10,IND,P.Rivers,00-0022942,39,39,1,297,308,0,1,2,10,29,308,1,205,192,103,14.9832968813476
2020_10_IND_TEN,10,TEN,R.Tannehill,00-0029701,27,28,1,137,147,0,1,5,12,15,147,1,76,197,71,-4.44284485365089
2020_10_JAX_GB,10,GNB,A.Rodgers,00-0023459,34,35,2,315,325,1,1,3,9,24,325,2,237,212,88,0.407781512630088
2020_10_JAX_GB,10,JAC,J.Luton,00-0036312,35,38,1,151,169,1,3,4,16,18,169,1,92,207,77,-12.1481081763682
2020_10_LAC_MIA,10,LAC,J.Herbert,00-0036355,32,34,2,174,187,1,2,8,11,20,187,2,132,229,55,-5.41323010611814
2020_10_LAC_MIA,10,MIA,T.Tagovailoa,00-0036212,25,25,2,169,169,0,0,1,10,15,169,2,44,266,125,8.90846757385048
2020_10_MIN_CHI,10,CHI,N.Foles,00-0029567,26,28,0,90,106,1,2,10,10,15,106,0,46,188,60,-14.6639369553871
2020_10_MIN_CHI,10,CHI,T.Bray,00-0030151,5,4,0,18,18,0,0,1,4,1,18,0,13,43,5,-1.12561105343048
2020_10_MIN_CHI,10,MIN,K.Cousins,00-0029604,36,37,2,286,292,1,1,5,10,25,292,2,147,296,145,5.82204865139305
2020_10_PHI_NYG,10,NYG,D.Jones,00-0035710,28,31,0,231,244,0,3,7,7,21,244,0,59,237,185,7.19926829794498
2020_10_PHI_NYG,10,PHI,C.Wentz,00-0032950,37,40,0,190,208,0,3,12,16,21,208,0,79,338,129,-4.0714845110285
2020_10_SEA_LA,10,LAR,J.Goff,00-0033106,37,40,0,283,302,0,3,4,10,27,302,0,162,277,140,5.25751366691888
2020_10_SEA_LA,10,SEA,R.Wilson,00-0029263,37,43,0,220,248,2,6,13,13,22,248,0,143,367,105,-7.2751391387097
2020_10_SF_NO,10,NOR,D.Brees,00-0020531,13,13,1,76,76,0,0,1,5,8,76,1,67,52,9,0.0396045361689863
2020_10_SF_NO,10,NOR,J.Winston,00-0031503,10,12,0,52,63,0,2,3,4,6,63,0,49,51,14,-1.08543143119765
2020_10_SF_NO,10,NOR,T.Hill,00-0033357,0,1,0,-5,0,0,1,1,0,0,0,0,0,0,0,-1.99503625230864
2020_10_SF_NO,10,SFO,C.Beathard,00-0033936,1,1,0,0,0,0,0,0,1,0,0,0,0,45,0,-1.043005395215
2020_10_SF_NO,10,SFO,N.Mullens,00-0033319,38,40,1,232,247,2,2,8,12,24,247,1,121,219,126,0.209933781545935
2020_10_TB_CAR,10,CAR,J.Charlton,00-0036320,0,1,0,-5,0,0,1,1,0,0,0,0,0,0,0,-3.27428093820345
2020_10_TB_CAR,10,CAR,P.Walker,00-0033275,4,5,0,-4,12,0,1,2,2,2,12,0,2,60,10,-4.29563285346376
2020_10_TB_CAR,10,CAR,T.Bridgewater,00-0031237,24,25,2,131,136,1,1,5,5,18,136,2,77,135,59,-2.97812480309131
2020_10_TB_CAR,10,TAM,T.Brady,00-0019596,39,40,3,334,341,0,1,7,11,28,341,3,168,324,173,23.4636331732359
2020_10_WAS_DET,10,DET,M.Stafford,00-0026498,33,34,3,267,276,0,1,1,9,24,276,3,146,218,128,11.171179954398
2020_10_WAS_DET,10,WAS,A.Smith,00-0023436,55,57,0,375,390,0,2,8,17,38,390,0,197,324,193,11.7712103113695
2020_11_ARI_SEA,11,ARI,K.Murray,00-0035228,42,45,2,257,269,0,3,7,13,29,269,2,136,284,133,10.6401481594949
2020_11_ARI_SEA,11,SEA,R.Wilson,00-0029263,28,31,2,182,197,0,3,8,5,23,197,2,101,188,96,10.0199400257015
2020_11_ATL_NO,11,ATL,M.Ryan,00-0026143,37,45,0,196,232,2,8,12,16,19,232,0,52,401,180,-15.592277257027
2020_11_ATL_NO,11,NOR,T.Hill,00-0033357,23,26,0,210,233,0,3,5,5,18,233,0,103,142,130,1.76523139177977
2020_11_CIN_WAS,11,CIN,J.Burrow,00-0036442,34,34,1,203,203,0,0,5,12,22,203,1,83,297,120,6.78205003720284
2020_11_CIN_WAS,11,CIN,R.Finley,00-0035652,10,14,0,-1,30,1,4,6,6,3,30,0,6,124,24,-14.8160993645433
2020_11_CIN_WAS,11,WAS,A.Smith,00-0023436,25,27,1,161,166,1,2,5,7,17,166,1,97,143,69,-3.53453735395194
2020_11_DAL_MIN,11,DAL,A.Dalton,00-0027973,32,33,3,196,203,1,1,2,9,22,203,3,80,206,123,-0.164175664489508
2020_11_DAL_MIN,11,MIN,K.Cousins,00-0029604,30,32,3,305,314,0,2,7,8,22,314,3,136,262,178,2.69528226513648
2020_11_DET_CAR,11,CAR,D.Moore,00-0034827,1,1,0,0,0,0,0,0,1,0,0,0,0,6,0,-0.408470925525762
2020_11_DET_CAR,11,CAR,P.Walker,00-0033275,34,35,1,258,258,2,1,1,8,24,258,1,123,229,135,-0.545020523725617
2020_11_DET_CAR,11,DET,M.Stafford,00-0026498,33,38,0,145,178,0,5,8,15,18,178,0,93,192,85,-11.0728669542076
2020_11_GB_IND,11,GNB,A.Rodgers,00-0023459,38,37,3,301,311,1,1,1,10,27,311,3,134,297,177,1.12517125018743
2020_11_GB_IND,11,IND,P.Rivers,00-0022942,36,37,3,280,288,1,1,5,11,24,288,3,164,263,124,3.36199488436172
2020_11_KC_LV,11,KAN,P.Mahomes,00-0033873,45,45,2,348,348,1,0,5,10,34,348,2,131,352,217,20.9498768996564
2020_11_KC_LV,11,KAN,T.Kelce,00-0030506,1,1,0,4,4,0,0,0,0,1,4,0,7,-3,-3,0.878675281303003
2020_11_KC_LV,11,LVR,D.Carr,00-0031280,31,31,3,275,275,1,0,1,7,23,275,3,155,237,120,16.2514597371491
2020_11_LA_TB,11,LAR,J.Goff,00-0033106,51,50,3,376,376,2,0,3,10,39,376,3,200,265,176,10.4678138094945
2020_11_LA_TB,11,TAM,T.Brady,00-0019596,48,49,2,209,216,2,1,5,20,26,216,2,83,420,133,-9.6281502451011
2020_11_MIA_DEN,11,DEN,D.Lock,00-0035704,30,30,0,270,270,1,0,4,11,18,270,0,140,341,130,1.51329411044602
2020_11_MIA_DEN,11,MIA,R.Fitzpatrick,00-0023682,18,18,0,117,117,1,0,1,5,12,117,0,47,124,70,1.40172046469525
2020_11_MIA_DEN,11,MIA,T.Tagovailoa,00-0036212,20,26,1,50,83,0,6,6,9,11,83,1,32,180,51,-9.75089063324073
2020_11_NE_HOU,11,HOU,D.Watson,00-0033537,37,37,2,344,344,0,0,2,9,28,344,2,167,314,177,20.1244893598025
2020_11_NE_HOU,11,NWE,C.Newton,00-0027939,40,42,1,349,365,0,2,8,14,26,365,1,193,239,172,11.0213420389205
2020_11_NYJ_LAC,11,LAC,J.Herbert,00-0036355,49,52,3,347,366,0,3,7,12,37,366,3,170,328,196,11.3136586390234
2020_11_NYJ_LAC,11,NYJ,J.Flacco,00-0026158,30,31,3,196,205,1,1,8,14,15,205,2,44,384,161,-1.61094213748584
2020_11_PHI_CLE,11,CLE,B.Mayfield,00-0034855,22,24,0,187,204,0,3,2,10,12,204,0,42,260,162,0.101051020742692
2020_11_PHI_CLE,11,PHI,C.Wentz,00-0032950,35,40,3,209,235,2,5,10,12,21,235,2,105,244,130,-9.59229892804091
2020_11_PIT_JAX,11,JAC,J.Luton,00-0036312,37,39,0,133,151,4,2,7,17,16,151,0,59,335,92,-26.2581310234742
2020_11_PIT_JAX,11,PIT,B.Roethlisberger,00-0022924,46,46,2,267,267,1,0,3,13,32,267,2,111,372,156,6.68169030187797
2020_11_TEN_BAL,11,BAL,L.Jackson,00-0034796,29,30,1,177,186,1,1,2,11,17,186,1,104,288,82,5.52762064102273
2020_11_TEN_BAL,11,TEN,L.Woodside,00-0034438,1,1,0,7,7,0,0,0,0,1,7,0,0,7,7,3.01928251155186
2020_11_TEN_BAL,11,TEN,R.Tannehill,00-0029701,31,33,2,243,259,1,2,7,8,22,259,2,139,193,120,8.4648196705364
2020_12_ARI_NE,12,ARI,K.Murray,00-0035228,34,36,0,160,170,1,2,4,10,23,170,0,75,229,95,-1.98035682513873
2020_12_ARI_NE,12,NWE,C.Newton,00-0027939,18,20,0,69,84,2,3,4,7,9,84,0,49,105,35,-11.4852030860518
2020_12_BAL_PIT,12,BAL,R.Griffin,00-0029665,12,15,1,13,33,1,3,5,4,7,33,0,30,81,3,-17.6274577359436
2020_12_BAL_PIT,12,BAL,T.McSorley,00-0035146,6,6,1,77,77,0,0,0,4,2,77,1,53,55,24,2.72470661706757
2020_12_BAL_PIT,12,PIT,B.Roethlisberger,00-0022924,51,51,1,266,266,1,0,6,14,36,266,1,135,241,131,-4.71956412569005
2020_12_CAR_MIN,12,CAR,T.Bridgewater,00-0031237,36,35,1,267,267,1,0,3,16,19,267,1,135,303,132,3.68947469171518
2020_12_CAR_MIN,12,MIN,K.Cousins,00-0029604,45,46,4,291,307,0,2,9,11,34,307,3,78,366,229,5.46237230444663
2020_12_CHI_GB,12,CHI,M.Trubisky,00-0033869,46,49,4,229,242,2,3,6,18,26,242,3,94,400,148,-3.39066230792795
2020_12_CHI_GB,12,GNB,A.Rodgers,00-0023459,29,29,4,211,211,0,0,0,8,21,211,4,122,244,89,15.3471270976006
2020_12_CLE_JAX,12,CLE,B.Mayfield,00-0034855,29,31,2,252,258,0,2,1,10,19,258,2,117,235,141,7.48057473925193
2020_12_CLE_JAX,12,JAC,M.Glennon,00-0030520,35,34,2,235,235,0,0,2,15,20,235,2,117,354,118,5.46137271556762
2020_12_HOU_DET,12,DET,J.Agnew,00-0033572,1,1,0,0,0,0,0,0,1,0,0,0,0,15,0,-0.46816249890253
2020_12_HOU_DET,12,DET,M.Stafford,00-0026498,42,46,2,279,295,1,4,8,13,28,295,1,162,333,133,-1.5665514110405
2020_12_HOU_DET,12,HOU,D.Watson,00-0033537,25,27,4,307,318,0,2,3,8,17,318,4,115,319,203,17.8566948204242
2020_12_KC_TB,12,KAN,P.Mahomes,00-0033873,49,51,3,456,462,0,2,7,12,37,462,3,156,485,306,21.3385620330139
2020_12_KC_TB,12,KAN,T.Kelce,00-0030506,1,1,0,0,0,0,0,0,1,0,0,0,0,1,0,-0.425582146679517
2020_12_KC_TB,12,TAM,T.Brady,00-0019596,41,42,3,342,345,2,1,7,12,27,345,3,141,392,204,7.2311040387873
2020_12_LAC_BUF,12,BUF,C.Beasley,00-0029000,1,1,1,20,20,0,0,0,0,1,20,1,0,20,20,2.91377102164552
2020_12_LAC_BUF,12,BUF,J.Allen,00-0034857,24,26,1,147,157,1,2,7,5,18,157,1,74,86,83,1.06149065491492
2020_12_LAC_BUF,12,BUF,M.Barkley,00-0030533,0,1,0,-7,0,0,1,1,0,0,0,0,0,0,0,-1.61598528426839
2020_12_LAC_BUF,12,LAC,J.Herbert,00-0036355,52,55,1,291,316,1,3,7,20,31,316,1,150,312,166,5.12907609660761
2020_12_LV_ATL,12,ATL,M.Ryan,00-0026143,39,40,2,179,185,1,1,8,16,22,185,2,100,221,85,-3.42531827072405
2020_12_LV_ATL,12,LVR,D.Carr,00-0031280,34,37,1,194,215,1,3,4,11,22,215,0,120,244,95,-26.2747227162449
2020_12_LV_ATL,12,LVR,N.Peterman,00-0033958,5,7,0,9,25,0,2,2,2,3,25,0,21,9,4,-3.5255508897244
2020_12_MIA_NYJ,12,MIA,R.Fitzpatrick,00-0023682,39,43,2,241,257,0,4,8,15,24,257,2,104,275,153,6.07691216873626
2020_12_MIA_NYJ,12,NYJ,S.Darnold,00-0034869,27,30,0,173,197,2,3,5,9,16,197,0,79,317,118,-11.9076784044346
2020_12_NO_DEN,12,DEN,K.Hinton,00-0035864,9,10,0,12,13,2,1,5,6,1,13,0,16,134,-3,-11.9305392210954
2020_12_NO_DEN,12,NOR,T.Hill,00-0033357,16,19,0,63,78,1,3,3,6,9,78,0,46,105,32,-8.22068860390756
2020_12_NYG_CIN,12,CIN,B.Allen,00-0032434,29,31,1,115,136,1,2,8,11,17,136,1,78,202,58,-17.5851185204072
2020_12_NYG_CIN,12,NYG,C.McCoy,00-0027688,10,10,0,31,31,0,0,3,4,6,31,0,1,84,30,-2.9613031805518
2020_12_NYG_CIN,12,NYG,D.Jones,00-0035710,27,27,0,213,213,0,0,0,11,16,213,0,56,243,157,5.44196478823027
2020_12_NYG_CIN,12,NYG,G.Tate III,00-0027891,1,1,0,0,0,0,0,0,1,0,0,0,0,-4,0,-0.7833670116961
2020_12_SEA_PHI,12,PHI,C.Wentz,00-0032950,45,50,2,174,215,1,6,12,19,25,215,2,110,324,105,-13.2082509649766
2020_12_SEA_PHI,12,PHI,J.Hurts,00-0036389,1,1,0,6,6,0,0,0,0,1,6,0,0,6,6,0.0493230470456183
2020_12_SEA_PHI,12,SEA,R.Wilson,00-0029263,31,33,1,225,230,0,2,7,9,22,230,1,89,247,141,-1.12470427875064
2020_12_SF_LA,12,LAR,J.Goff,00-0033106,31,33,1,182,198,2,2,7,10,19,198,0,125,256,73,-21.092454955433
2020_12_SF_LA,12,SFO,N.Mullens,00-0033319,35,37,0,233,252,1,2,7,10,24,252,0,175,172,77,-4.87818491827566
2020_12_TEN_IND,12,IND,J.Brissett,00-0033119,2,3,0,-9,0,0,1,1,2,0,0,0,0,42,0,-5.22485687740846
2020_12_TEN_IND,12,IND,P.Rivers,00-0022942,42,43,2,289,295,1,1,5,17,24,295,2,164,297,131,5.89466872229241
2020_12_TEN_IND,12,TEN,R.Tannehill,00-0029701,22,23,1,220,221,0,1,2,9,13,221,1,118,153,103,10.5591706815758
2020_12_WAS_DAL,12,DAL,A.Dalton,00-0027973,35,38,2,191,215,1,3,5,9,25,215,1,72,209,143,-21.6981164144031
2020_12_WAS_DAL,12,DAL,C.Lamb,00-0036358,0,1,0,-4,0,0,1,1,0,0,0,0,0,0,0,-1.23705988423899
2020_12_WAS_DAL,12,WAS,A.Smith,00-0023436,26,29,1,128,149,1,3,6,6,19,149,1,82,92,67,-7.06542492224143
2020_12_WAS_DAL,12,WAS,L.Thomas,00-0031260,1,1,0,28,28,0,0,0,0,1,28,0,0,28,28,1.86337337992154
2020_13_BUF_SF,13,BUF,J.Allen,00-0034857,40,41,4,368,375,0,1,3,8,32,375,4,129,294,246,21.8269444088997
2020_13_BUF_SF,13,SFO,N.Mullens,00-0033319,39,39,3,316,316,2,0,7,11,26,316,3,133,266,183,8.83607405102918
2020_13_CIN_MIA,13,CIN,B.Allen,00-0032434,19,24,1,123,153,1,5,8,7,11,153,1,114,146,39,-7.00987703808825
2020_13_CIN_MIA,13,CIN,R.Finley,00-0035652,7,8,0,33,40,1,1,3,0,6,40,0,41,8,-1,-3.6990019090008
2020_13_CIN_MIA,13,CIN,T.Boyd,00-0033009,1,1,0,0,0,0,0,0,1,0,0,0,0,8,0,-0.500217972323299
2020_13_CIN_MIA,13,MIA,T.Tagovailoa,00-0036212,39,38,1,296,296,0,0,2,13,26,296,1,151,298,145,7.12892131173582
2020_13_CLE_TEN,13,CLE,B.Mayfield,00-0034855,33,33,4,334,334,0,0,0,8,25,334,4,189,207,145,24.8635159122275
2020_13_CLE_TEN,13,CLE,J.Landry,00-0031382,1,1,0,6,6,0,0,1,0,1,6,0,1,5,5,1.77058824489359
2020_13_CLE_TEN,13,TEN,R.Tannehill,00-0029701,45,48,4,369,389,1,3,5,15,29,389,3,132,487,257,12.173093597783
2020_13_DAL_BAL,13,BAL,L.Jackson,00-0034796,17,17,2,107,107,1,0,0,4,12,107,2,51,94,56,-4.60968197011326
2020_13_DAL_BAL,13,DAL,A.Dalton,00-0027973,48,49,2,277,285,1,1,5,16,31,285,2,124,453,161,8.0651991142542
2020_13_DEN_KC,13,DEN,D.Lock,00-0035704,28,28,2,151,151,2,0,4,11,15,151,2,74,234,77,4.08042773562441
2020_13_DEN_KC,13,KAN,P.Mahomes,00-0033873,40,41,1,313,318,0,1,4,15,25,318,1,152,378,166,6.05981870078314
2020_13_DET_CHI,13,CHI,M.Trubisky,00-0033869,34,36,1,249,267,0,2,2,8,26,267,1,150,212,117,6.48357301173382
2020_13_DET_CHI,13,DET,M.Stafford,00-0026498,42,44,3,400,402,1,2,3,14,27,402,3,68,571,334,17.361822265404
2020_13_IND_HOU,13,HOU,D.Watson,00-0033537,38,43,0,308,341,1,5,8,11,26,341,0,106,394,235,1.13884863429246
2020_13_IND_HOU,13,IND,P.Rivers,00-0022942,35,38,2,262,285,0,3,5,8,27,285,2,161,189,124,9.99690127843985
2020_13_JAX_MIN,13,JAC,M.Glennon,00-0030520,42,43,1,266,280,2,2,5,12,28,280,1,92,351,188,-2.93826224254292
2020_13_JAX_MIN,13,MIN,K.Cousins,00-0029604,43,47,4,275,305,1,4,14,14,28,305,3,147,328,158,-1.7274092414329
2020_13_LA_ARI,13,ARI,K.Murray,00-0035228,39,40,4,140,173,1,2,5,17,21,173,3,87,240,86,-11.5112129985157
2020_13_LA_ARI,13,LAR,J.Goff,00-0033106,47,48,1,344,351,0,1,7,10,37,351,1,256,167,95,18.200210214761
2020_13_LV_NYJ,13,LVR,D.Carr,00-0031280,47,48,3,368,381,1,2,6,18,28,381,3,170,499,211,5.69739051403904
2020_13_LV_NYJ,13,NYJ,S.Darnold,00-0034869,23,26,2,170,186,1,3,7,8,14,186,2,116,201,70,-2.95901981552015
2020_13_NE_LAC,13,LAC,J.Herbert,00-0036355,53,55,0,188,209,2,3,11,25,26,209,0,129,324,80,-27.4350110028328
2020_13_NE_LAC,13,NWE,C.Newton,00-0027939,19,20,1,65,69,0,1,1,7,12,69,1,33,116,36,-5.15349615307059
2020_13_NE_LAC,13,NWE,J.Stidham,00-0035264,3,3,1,61,61,0,0,1,1,2,61,1,43,38,18,5.60778866603505
2020_13_NO_ATL,13,ATL,M.Ryan,00-0026143,39,42,1,262,273,0,3,8,20,19,273,1,56,453,217,-10.7394829414148
2020_13_NO_ATL,13,NOR,T.Hill,00-0033357,37,39,2,217,232,0,2,4,10,27,232,2,50,300,182,2.4866946086986
2020_13_NYG_SEA,13,NYG,C.McCoy,00-0027688,22,24,1,100,105,1,2,4,8,13,105,1,28,184,77,-7.65213937732958
2020_13_NYG_SEA,13,SEA,R.Wilson,00-0029263,43,48,1,216,263,1,5,9,15,27,263,1,108,380,155,-10.7337681843766
2020_13_PHI_GB,13,GNB,A.Rodgers,00-0023459,34,36,3,288,295,0,2,6,9,25,295,3,133,364,162,15.4437867639985
2020_13_PHI_GB,13,PHI,C.Wentz,00-0032950,15,19,0,57,79,0,4,6,9,6,79,0,22,112,57,-6.15251312449388
2020_13_PHI_GB,13,PHI,J.Hurts,00-0036389,12,15,1,104,109,1,3,3,6,5,109,1,13,157,96,2.23983720439719
2020_13_WAS_PIT,13,PIT,B.Roethlisberger,00-0022924,53,53,2,305,305,1,0,2,19,33,305,2,149,325,156,-2.34915004051629
2020_13_WAS_PIT,13,WAS,A.Smith,00-0023436,46,49,1,273,296,0,3,10,15,31,296,1,168,265,128,0.34774186048493
2020_14_ARI_NYG,14,ARI,K.Murray,00-0035228,35,36,1,231,244,0,1,4,11,24,244,1,128,191,116,4.79893053869837
2020_14_ARI_NYG,14,NYG,C.McCoy,00-0027688,3,5,0,6,18,0,2,2,1,2,18,0,13,32,5,-3.2574185107369
2020_14_ARI_NYG,14,NYG,D.Jones,00-0035710,21,27,0,75,127,0,6,9,10,11,127,0,17,239,110,-14.1062769120326
2020_14_ATL_LAC,14,ATL,M.Ryan,00-0026143,32,34,1,210,224,3,2,5,8,21,224,1,109,290,115,-3.43295503540271
2020_14_ATL_LAC,14,ATL,R.Gage,00-0034411,1,1,1,39,39,0,0,1,0,1,39,1,2,37,37,4.14873427827843
2020_14_ATL_LAC,14,LAC,J.Herbert,00-0036355,44,45,2,240,243,1,1,3,7,36,243,2,145,241,98,5.20893111026001
2020_14_BAL_CLE,14,BAL,L.Jackson,00-0034796,17,20,1,141,163,0,4,4,6,11,163,1,62,192,101,6.83494041977502
2020_14_BAL_CLE,14,BAL,T.McSorley,00-0035146,4,4,0,13,13,0,0,0,3,1,13,0,0,34,13,-0.540154299233109
2020_14_BAL_CLE,14,CLE,B.Mayfield,00-0034855,47,47,2,343,343,1,0,4,18,28,343,2,127,449,216,10.6666757454223
2020_14_BAL_CLE,14,CLE,J.Landry,00-0031382,1,1,0,12,12,0,0,1,0,1,12,0,15,-3,-3,0.734110445482656
2020_14_DAL_CIN,14,CIN,B.Allen,00-0032434,36,36,1,217,217,0,0,2,9,27,217,1,145,129,72,11.5215199342929
2020_14_DAL_CIN,14,CIN,R.Finley,00-0035652,2,4,0,-9,5,0,2,2,1,1,5,0,0,24,5,-5.00506110378774
2020_14_DAL_CIN,14,DAL,A.Dalton,00-0027973,23,25,2,171,185,0,2,4,7,16,185,2,65,186,120,12.6310387483578
2020_14_DEN_CAR,14,CAR,T.Bridgewater,00-0031237,40,44,0,245,283,0,4,6,10,30,283,0,161,236,122,-1.91589382599195
2020_14_DEN_CAR,14,DEN,D.Lock,00-0035704,27,28,4,269,280,0,1,5,6,21,280,4,156,170,124,9.99004682409577
2020_14_GB_DET,14,DET,C.Daniel,00-0026544,6,6,0,29,29,0,0,1,3,3,29,0,8,43,21,0.632610132717593
2020_14_GB_DET,14,DET,M.Stafford,00-0026498,34,37,1,213,244,0,4,5,10,24,244,1,147,196,97,5.3202782276785
2020_14_GB_DET,14,GNB,A.Rodgers,00-0023459,33,33,3,290,290,0,0,1,7,26,290,3,171,210,119,17.8611658741138
2020_14_HOU_CHI,14,CHI,M.Trubisky,00-0033869,33,36,3,241,267,0,3,5,9,24,267,3,190,144,77,9.86100158167579
2020_14_HOU_CHI,14,HOU,A.McCarron,00-0031288,0,1,0,-12,0,0,1,1,0,0,0,0,0,0,0,-4.92601130728144
2020_14_HOU_CHI,14,HOU,D.Watson,00-0033537,30,36,1,167,219,0,6,10,9,21,219,1,122,197,97,-0.600695951085072
2020_14_IND_LV,14,IND,P.Rivers,00-0022942,28,28,2,244,244,0,0,1,9,19,244,2,105,255,139,16.3096037587044
2020_14_IND_LV,14,LVR,D.Carr,00-0031280,45,45,3,316,316,2,0,2,12,31,316,2,156,299,160,-1.52441730480375
2020_14_IND_LV,14,LVR,Z.Jones,00-0033891,1,1,0,29,29,0,0,0,0,1,29,0,3,26,26,2.22142086212989
2020_14_KC_MIA,14,KAN,P.Mahomes,00-0033873,34,37,2,354,393,3,3,6,7,24,393,2,205,318,188,2.23604064452229
2020_14_KC_MIA,14,MIA,L.Bowden,00-0036364,1,1,0,0,0,0,0,1,1,0,0,0,0,19,0,-0.495386238093488
2020_14_KC_MIA,14,MIA,T.Tagovailoa,00-0036212,48,51,2,287,316,1,4,7,19,28,316,2,110,447,206,2.55176017752518
2020_14_MIN_TB,14,MIN,K.Cousins,00-0029604,37,43,1,173,225,0,6,12,13,24,225,1,126,248,99,3.17232291115103
2020_14_MIN_TB,14,TAM,T.Brady,00-0019596,23,22,2,196,196,0,0,3,8,15,196,2,57,228,139,8.70968550312825
2020_14_NE_LA,14,LAR,J.Goff,00-0033106,25,26,1,132,137,1,1,3,8,16,137,1,74,114,63,-4.51449169793735
2020_14_NE_LA,14,NWE,C.Newton,00-0027939,16,20,1,98,119,1,4,5,6,9,119,0,32,132,87,-17.413664009414
2020_14_NE_LA,14,NWE,J.Stidham,00-0035264,7,9,0,15,27,0,2,4,2,5,27,0,18,10,9,-7.37837436189875
2020_14_NO_PHI,14,NOR,T.Hill,00-0033357,38,43,2,262,291,1,5,12,9,28,291,2,113,253,178,3.09879970058753
2020_14_NO_PHI,14,PHI,J.Hurts,00-0036389,30,29,1,167,167,0,0,3,13,17,167,1,120,175,47,0.569867198093212
2020_14_NYJ_SEA,14,NYJ,S.Darnold,00-0034869,26,29,0,116,132,0,3,6,12,14,132,0,45,245,87,-5.66940259714794
2020_14_NYJ_SEA,14,SEA,G.Smith,00-0030565,5,6,0,30,33,0,1,2,1,4,33,0,14,25,19,0.638793860969599
2020_14_NYJ_SEA,14,SEA,R.Wilson,00-0029263,27,27,4,206,206,1,0,1,5,21,206,4,91,202,115,14.1568454716762
2020_14_PIT_BUF,14,BUF,J.Allen,00-0034857,43,44,2,230,238,1,1,5,18,24,238,2,130,455,108,-4.27994507986812
2020_14_PIT_BUF,14,PIT,B.Roethlisberger,00-0022924,37,38,3,177,187,2,1,5,14,21,187,2,116,242,71,-13.8847945622983
2020_14_TEN_JAX,14,JAC,G.Minshew II,00-0035289,31,31,1,178,178,0,0,1,13,18,178,1,87,270,91,-1.81389329273952
2020_14_TEN_JAX,14,JAC,M.Glennon,00-0030520,23,23,0,85,85,1,0,0,9,13,85,0,42,185,43,-7.22677297871852
2020_14_TEN_JAX,14,TEN,R.Tannehill,00-0029701,24,25,2,205,212,0,1,7,5,19,212,2,73,197,139,4.97885979352693
2020_14_WAS_SF,14,SFO,N.Mullens,00-0033319,45,49,3,236,260,1,4,12,19,25,257,1,128,268,129,-25.6691565166693
2020_14_WAS_SF,14,WAS,A.Smith,00-0023436,19,20,0,52,57,1,1,3,10,8,57,0,34,157,23,-12.0385302259569
2020_14_WAS_SF,14,WAS,D.Haskins,00-0035232,12,13,0,43,51,0,1,1,5,7,51,0,27,43,24,-4.68082618977947
2020_14_WAS_SF,14,WAS,I.Wright,00-0036142,1,1,0,0,0,0,0,1,1,0,0,0,0,-3,0,-0.559791103703901
2020_15_BUF_DEN,15,BUF,J.Allen,00-0034857,40,41,2,352,359,0,1,5,12,28,359,2,118,404,241,25.6637711375661
2020_15_BUF_DEN,15,DEN,D.Lock,00-0035704,32,35,2,115,132,0,3,4,12,20,132,1,64,125,68,-13.4990551560287
2020_15_CAR_GB,15,CAR,T.Bridgewater,00-0031237,35,38,0,249,258,0,3,6,14,21,258,0,141,238,117,1.34680025989761
2020_15_CAR_GB,15,GNB,A.Rodgers,00-0023459,29,34,1,96,143,0,5,5,9,20,143,1,106,123,37,-7.05564022032612
2020_15_CHI_MIN,15,CHI,M.Trubisky,00-0033869,21,22,1,198,202,1,1,2,5,15,202,1,99,167,103,4.90205728314748
2020_15_CHI_MIN,15,MIN,K.Cousins,00-0029604,35,37,2,249,271,1,3,9,10,24,271,2,144,206,127,3.17868933719423
2020_15_CLE_NYG,15,CLE,B.Mayfield,00-0034855,32,33,2,286,297,0,1,1,5,27,297,2,107,235,190,20.4387247649429
2020_15_CLE_NYG,15,NYG,C.McCoy,00-0027688,31,32,0,214,221,0,1,4,12,19,221,0,85,290,136,4.20680832729042
2020_15_CLE_NYG,15,NYG,R.Dixon,00-0032943,1,1,0,0,0,0,0,0,1,0,0,0,0,8,0,-2.57392822386464
2020_15_DET_TEN,15,DET,C.Daniel,00-0026544,6,6,0,55,55,1,0,1,0,5,55,0,17,57,38,1.56896868353942
2020_15_DET_TEN,15,DET,M.Stafford,00-0026498,32,32,1,252,252,0,0,4,10,22,252,1,95,296,157,14.2869867249644
2020_15_DET_TEN,15,TEN,R.Tannehill,00-0029701,27,28,3,268,273,0,1,1,6,21,273,3,131,246,142,23.8076809542885
2020_15_HOU_IND,15,HOU,D.Watson,00-0033537,41,46,2,342,373,0,5,7,8,33,373,2,140,313,233,7.61372606746577
2020_15_HOU_IND,15,IND,J.Brissett,00-0033119,1,1,0,0,0,0,0,0,1,0,0,0,0,17,0,-0.497544689686038
2020_15_HOU_IND,15,IND,P.Rivers,00-0022942,28,29,2,223,228,0,1,3,6,22,228,2,103,182,125,9.71885961196031
2020_15_JAX_BAL,15,BAL,L.Jackson,00-0034796,22,23,3,243,243,1,1,1,4,17,243,3,90,197,153,15.3868917852617
2020_15_JAX_BAL,15,BAL,T.Huntley,00-0035993,4,4,0,7,7,0,0,1,2,2,7,0,7,57,0,-4.10804296727292
2020_15_JAX_BAL,15,JAC,G.Minshew II,00-0035289,29,34,2,205,226,0,5,6,7,22,226,2,90,225,136,4.55904537765309
2020_15_KC_NO,15,KAN,P.Mahomes,00-0033873,47,51,3,232,254,0,4,11,21,26,254,3,128,422,126,-0.111933614275521
2020_15_KC_NO,15,NOR,D.Brees,00-0020531,34,35,3,225,234,1,1,7,18,15,234,3,139,272,95,-3.06995805475162
2020_15_LAC_LV,15,LAC,J.Herbert,00-0036355,32,33,2,306,314,0,1,5,10,22,314,2,91,359,223,22.0692794109891
2020_15_LAC_LV,15,LVR,D.Carr,00-0031280,5,6,0,50,53,0,1,1,2,3,53,0,27,37,26,-0.325883406746548
2020_15_LAC_LV,15,LVR,M.Mariota,00-0032268,28,27,1,226,226,1,0,2,10,17,226,1,76,273,150,8.42639402831319
2020_15_NE_MIA,15,MIA,T.Tagovailoa,00-0036212,26,28,0,133,145,1,2,3,5,20,145,0,77,98,68,-2.9733169410518
2020_15_NE_MIA,15,NWE,C.Newton,00-0027939,27,30,0,186,209,0,3,3,10,17,209,0,87,227,122,-5.95336302216687
2020_15_NYJ_LA,15,LAR,J.Goff,00-0033106,34,37,2,189,209,1,3,8,11,22,209,2,114,199,95,-11.1401375420743
2020_15_NYJ_LA,15,NYJ,S.Darnold,00-0034869,31,33,1,196,207,0,2,2,9,22,207,1,119,143,88,3.64884057930878
2020_15_PHI_ARI,15,ARI,A.Lee,00-0022824,1,1,0,26,26,0,0,0,0,1,26,0,12,14,14,4.01401143427938
2020_15_PHI_ARI,15,ARI,K.Murray,00-0035228,36,37,3,397,406,1,1,1,8,27,406,3,165,350,241,2.67381397550756
2020_15_PHI_ARI,15,PHI,J.Hurts,00-0036389,44,50,3,305,338,0,6,7,20,24,338,3,173,477,165,5.58686263300479
2020_15_PIT_CIN,15,CIN,R.Finley,00-0035652,13,15,1,78,89,0,2,6,6,7,89,1,24,179,65,-0.616461792702962
2020_15_PIT_CIN,15,PIT,B.Roethlisberger,00-0022924,38,39,1,158,170,1,1,9,17,20,170,1,105,307,65,-12.5712917541859
2020_15_SEA_WAS,15,SEA,R.Wilson,00-0029263,27,27,1,121,121,1,0,3,8,18,121,1,59,139,62,-5.74667960328035
2020_15_SEA_WAS,15,WAS,D.Haskins,00-0035232,55,59,1,269,295,2,4,7,15,38,295,1,139,368,156,-0.197561869965825
2020_15_SF_DAL,15,DAL,A.Dalton,00-0027973,33,35,2,192,209,0,2,3,14,19,209,2,128,214,81,1.07424294954659
2020_15_SF_DAL,15,DAL,C.Wilson,00-0034418,1,1,0,12,12,0,0,0,0,1,12,0,20,-8,-8,0.154502887511626
2020_15_SF_DAL,15,SFO,C.Beathard,00-0033936,7,7,1,100,100,0,0,0,2,5,100,1,28,80,72,6.2362157194665
2020_15_SF_DAL,15,SFO,N.Mullens,00-0033319,36,38,2,208,219,2,2,6,13,21,219,2,92,254,127,0.0427076985652093
2020_15_TB_ATL,15,ATL,M.Ryan,00-0026143,49,52,3,332,356,0,3,4,15,34,356,3,119,431,237,4.46719979625703
2020_15_TB_ATL,15,TAM,T.Brady,00-0019596,45,48,2,365,390,0,3,7,14,31,390,2,195,349,195,14.3202133206032
2020_16_ATL_KC,16,ATL,M.Ryan,00-0026143,35,39,2,277,300,0,4,12,8,27,300,2,145,233,155,4.9398145062504
2020_16_ATL_KC,16,KAN,P.Mahomes,00-0033873,44,44,2,278,278,1,0,5,19,24,278,2,170,328,108,0.14860664412695
2020_16_ATL_KC,16,KAN,S.Watkins,00-0031325,1,1,0,0,0,1,0,0,0,0,0,0,0,24,0,-1.95865104382392
2020_16_BUF_NE,16,BUF,J.Allen,00-0034857,36,36,4,320,320,0,0,0,9,27,320,4,137,359,183,18.3745256103575
2020_16_BUF_NE,16,BUF,J.Johnson,00-0035290,1,1,0,13,13,0,0,0,0,1,13,0,3,10,10,3.11536745866761
2020_16_BUF_NE,16,BUF,M.Barkley,00-0030533,3,3,0,11,11,0,0,0,1,2,11,0,2,28,9,0.0730653356295079
2020_16_BUF_NE,16,NWE,C.Newton,00-0027939,10,12,0,14,34,0,2,2,5,5,34,0,15,90,19,-6.50437554535072
2020_16_BUF_NE,16,NWE,J.Stidham,00-0035264,11,12,0,42,44,0,1,3,7,4,44,0,31,86,13,-3.79672821634449
2020_16_CAR_WAS,16,CAR,T.Bridgewater,00-0031237,28,32,1,167,197,1,4,5,8,19,197,1,66,290,131,-7.65156709571602
2020_16_CAR_WAS,16,WAS,D.Haskins,00-0035232,28,30,0,148,154,2,2,5,12,14,154,0,121,235,33,-16.3260795733715
2020_16_CAR_WAS,16,WAS,T.Heinicke,00-0031800,19,20,1,130,137,0,1,2,7,12,137,1,49,255,88,2.37478059725254
2020_16_CHI_JAX,16,CHI,M.Trubisky,00-0033869,35,36,2,263,265,1,1,6,10,24,265,2,138,287,127,13.8837461328519
2020_16_CHI_JAX,16,CHI,N.Foles,00-0029567,1,1,0,0,0,0,0,0,1,0,0,0,0,7,0,-0.785490803187713
2020_16_CHI_JAX,16,JAC,M.Glennon,00-0030520,37,38,2,203,211,2,1,4,11,24,211,2,69,239,142,-5.02521877772164
2020_16_CIN_HOU,16,CIN,A.Erickson,00-0032543,1,1,0,0,0,0,0,1,1,0,0,0,0,21,0,-0.489072750555351
2020_16_CIN_HOU,16,CIN,B.Allen,00-0032434,37,37,2,371,371,0,0,3,8,29,371,2,187,308,184,22.7453817231961
2020_16_CIN_HOU,16,HOU,D.Watson,00-0033537,33,34,3,322,324,0,1,6,9,24,302,3,116,339,186,3.47110596336447
2020_16_CLE_NYJ,16,CLE,B.Mayfield,00-0034855,53,55,0,254,285,0,4,7,25,28,285,0,120,412,165,-9.17136902330934
2020_16_CLE_NYJ,16,NYJ,J.Crowder,00-0031941,1,1,1,43,43,0,0,0,0,1,43,1,16,27,27,3.84616744448431
2020_16_CLE_NYJ,16,NYJ,S.Darnold,00-0034869,32,34,2,159,175,0,2,5,16,16,175,2,109,291,66,0.0102324138575358
2020_16_DEN_LAC,16,DEN,D.Lock,00-0035704,47,48,0,263,264,2,2,5,21,24,264,0,96,541,168,-0.464369800513999
2020_16_DEN_LAC,16,LAC,J.Herbert,00-0036355,33,35,1,227,253,0,2,7,12,21,253,1,129,208,124,-1.42540464679184
2020_16_IND_PIT,16,IND,P.Rivers,00-0022942,34,39,1,238,270,1,5,8,12,21,270,1,131,379,139,-6.40298673172947
2020_16_IND_PIT,16,PIT,B.Roethlisberger,00-0022924,49,50,3,332,341,0,1,2,15,34,341,3,134,345,207,2.96604115562513
2020_16_LA_SEA,16,LAR,J.Goff,00-0033106,43,46,0,216,234,1,3,9,18,24,234,0,78,283,156,-2.38631053980439
2020_16_LA_SEA,16,SEA,R.Wilson,00-0029263,32,36,1,197,225,0,5,8,12,20,225,1,82,318,143,3.30269965894883
2020_16_MIA_LV,16,LVR,D.Carr,00-0031280,34,36,1,314,336,0,3,4,13,21,336,1,149,318,187,-0.119411425241409
2020_16_MIA_LV,16,MIA,R.Fitzpatrick,00-0023682,13,13,1,182,182,0,0,2,4,9,182,1,82,145,100,11.621786750466
2020_16_MIA_LV,16,MIA,T.Tagovailoa,00-0036212,22,25,1,71,94,0,3,4,5,17,94,1,56,88,38,-7.92411991721019
2020_16_MIN_NO,16,MIN,K.Cousins,00-0029604,41,43,3,274,291,0,2,8,14,27,291,3,164,191,127,6.92385419027414
2020_16_MIN_NO,16,NOR,D.Brees,00-0020531,26,26,0,311,311,2,0,2,5,19,311,0,137,263,174,10.5794996850148
2020_16_MIN_NO,16,NOR,T.Hill,00-0033357,2,2,0,8,8,0,0,0,0,2,8,0,12,-4,-4,0.215815005212789
2020_16_NYG_BAL,16,BAL,L.Jackson,00-0034796,26,25,2,183,183,0,0,4,9,17,183,2,66,181,117,11.2111789635053
2020_16_NYG_BAL,16,NYG,D.Jones,00-0035710,41,47,1,215,252,0,6,11,17,24,252,1,108,386,144,-5.04092795443071
2020_16_PHI_DAL,16,DAL,A.Dalton,00-0027973,30,32,3,362,377,1,2,7,7,22,377,3,225,238,152,11.9019434689148
2020_16_PHI_DAL,16,PHI,J.Hurts,00-0036389,39,41,1,326,342,2,3,4,16,21,342,1,129,376,213,-2.34571369339834
2020_16_SF_ARI,16,ARI,K.Murray,00-0035228,50,52,0,230,247,1,3,5,18,31,247,0,96,406,151,-21.4953614472371
2020_16_SF_ARI,16,SFO,C.Beathard,00-0033936,22,25,3,171,182,0,3,4,9,13,182,3,109,145,73,2.28207536806892
2020_16_TB_DET,16,DET,C.Daniel,00-0026544,18,21,0,57,86,0,3,4,5,13,86,0,49,78,37,-12.5166509511182
2020_16_TB_DET,16,DET,D.Blough,00-0035040,10,11,0,39,49,1,1,7,3,6,49,0,27,82,22,-9.72741845587734
2020_16_TB_DET,16,DET,M.Stafford,00-0026498,3,3,0,17,17,0,0,0,1,2,17,0,13,6,4,-1.20918416255154
2020_16_TB_DET,16,TAM,B.Gabbert,00-0027948,15,16,2,136,143,0,1,0,6,9,143,2,80,108,63,-0.112210644742411
2020_16_TB_DET,16,TAM,T.Brady,00-0019596,27,28,4,341,348,0,1,2,5,22,348,4,82,359,266,26.5767513317405
2020_16_TEN_GB,16,GNB,A.Rodgers,00-0023459,25,26,4,214,231,1,1,2,3,21,231,4,108,178,123,9.611669356731
2020_16_TEN_GB,16,TEN,L.Woodside,00-0034438,2,2,0,0,0,0,0,0,2,0,0,0,0,10,0,-1.48447796003893
2020_16_TEN_GB,16,TEN,R.Tannehill,00-0029701,24,26,1,104,121,2,2,5,11,11,121,1,38,202,83,-8.30037394416286
2020_17_ARI_LA,17,ARI,C.Streveler,00-0035752,16,18,2,95,105,1,2,3,4,11,105,1,98,106,7,-13.4181053983921
2020_17_ARI_LA,17,ARI,K.Murray,00-0035228,11,13,0,71,87,0,2,2,3,8,87,0,46,107,41,2.80911565816191
2020_17_ARI_LA,17,LAR,J.Wolford,00-0034899,38,40,0,223,231,1,2,5,15,22,231,0,93,358,138,-3.34627308649614
2020_17_ATL_TB,17,ATL,M.Ryan,00-0026143,44,45,2,258,265,0,1,6,15,29,265,2,125,227,140,8.55780122767
2020_17_ATL_TB,17,TAM,T.Brady,00-0019596,41,41,4,391,399,1,1,2,14,26,399,4,184,447,215,21.9145303617345
2020_17_BAL_CIN,17,BAL,L.Jackson,00-0034796,18,18,3,113,113,1,0,2,7,10,113,3,42,186,71,6.92855948174838
2020_17_BAL_CIN,17,BAL,T.Huntley,00-0035993,1,1,0,8,8,0,0,0,0,1,8,0,3,5,5,0.574866310460493
2020_17_BAL_CIN,17,CIN,B.Allen,00-0032434,21,21,0,48,48,2,0,2,13,6,48,0,33,155,15,-24.3060598373134
2020_17_DAL_NYG,17,DAL,A.Dalton,00-0027973,47,53,0,199,244,1,6,9,17,29,244,0,126,258,118,-9.70873153473659
2020_17_DAL_NYG,17,NYG,D.Jones,00-0035710,25,27,2,211,229,1,2,6,7,17,229,2,68,287,161,3.00375821861354
2020_17_GB_CHI,17,CHI,M.Trubisky,00-0033869,42,43,0,248,252,1,1,3,8,33,252,0,123,261,129,-7.87210970929335
2020_17_GB_CHI,17,GNB,A.Rodgers,00-0023459,24,25,4,237,240,0,1,6,5,19,240,4,154,172,86,20.7725404908997
2020_17_JAX_IND,17,IND,P.Rivers,00-0022942,27,27,1,164,164,1,0,1,9,17,164,1,117,167,47,-0.0763104821468879
2020_17_JAX_IND,17,JAC,M.Glennon,00-0030520,42,48,2,230,261,0,6,10,16,26,261,2,85,295,176,-12.6000238303095
2020_17_LAC_KC,17,KAN,C.Henne,00-0026197,32,33,2,217,218,0,1,5,9,23,218,2,181,147,37,12.9324856291641
2020_17_LAC_KC,17,LAC,J.Herbert,00-0036355,31,34,3,281,302,0,3,5,9,22,302,3,173,243,129,19.763381879864
2020_17_LV_DEN,17,DEN,D.Lock,00-0035704,41,43,2,324,339,0,2,3,16,25,339,2,216,293,123,3.87809964314456
2020_17_LV_DEN,17,LVR,D.Carr,00-0031280,38,41,2,359,371,2,3,5,12,24,371,2,123,379,248,2.34999303566292
2020_17_MIA_BUF,17,BUF,J.Allen,00-0034857,25,26,3,213,224,1,1,1,6,18,224,3,64,246,160,11.3726670039468
2020_17_MIA_BUF,17,BUF,M.Barkley,00-0030533,13,13,1,164,164,1,0,1,6,6,164,1,51,205,113,5.20974745595595
2020_17_MIA_BUF,17,MIA,L.Bowden,00-0036364,1,1,0,32,32,0,0,0,0,1,32,0,34,-2,-2,2.34605963563081
2020_17_MIA_BUF,17,MIA,T.Tagovailoa,00-0036212,58,59,2,352,361,3,1,4,20,35,361,1,181,442,180,-17.4584109490612
2020_17_MIN_DET,17,DET,M.Stafford,00-0026498,31,32,3,288,293,1,1,1,10,20,293,3,83,443,210,10.025429274524
2020_17_MIN_DET,17,MIN,K.Cousins,00-0029604,40,43,3,383,405,0,3,5,12,28,405,3,210,271,195,18.6750981673585
2020_17_NO_CAR,17,CAR,P.Walker,00-0033275,14,16,0,80,95,3,2,4,6,5,95,0,10,258,85,-14.7789941477822
2020_17_NO_CAR,17,CAR,T.Bridgewater,00-0031237,23,24,0,166,176,2,1,2,8,13,176,0,36,244,140,-9.57629150425782
2020_17_NO_CAR,17,NOR,D.Brees,00-0020531,32,34,3,191,201,0,2,4,10,22,201,3,83,201,118,5.19297954009056
2020_17_NYJ_NE,17,NWE,C.Newton,00-0027939,30,33,3,219,242,0,3,6,9,21,242,3,128,182,114,10.5643373816856
2020_17_NYJ_NE,17,NWE,J.Meyers,00-0034960,1,1,1,19,19,0,0,0,0,1,19,1,6,13,13,2.1124640480266
2020_17_NYJ_NE,17,NYJ,S.Darnold,00-0034869,34,37,1,239,266,2,3,6,9,23,266,1,157,241,109,-0.397826298547443
2020_17_PIT_CLE,17,CLE,B.Mayfield,00-0034855,27,31,1,166,196,0,4,4,10,17,196,1,60,258,136,5.36904612400678
2020_17_PIT_CLE,17,PIT,J.Dobbs,00-0033949,5,5,0,2,2,0,0,1,1,4,2,0,13,0,-11,-2.62308801902691
2020_17_PIT_CLE,17,PIT,M.Rudolph,00-0034771,39,40,2,307,315,1,1,4,16,22,315,2,95,418,220,12.0322710713315
2020_17_SEA_SF,17,SEA,R.Wilson,00-0029263,36,38,2,159,181,0,2,4,16,20,181,2,114,324,67,1.3466946043245
2020_17_SEA_SF,17,SFO,C.Beathard,00-0033936,37,40,1,242,273,0,3,7,12,25,273,1,102,288,171,4.98188995460992
2020_17_TEN_HOU,17,HOU,A.McCarron,00-0031288,1,1,0,20,20,0,0,0,0,1,20,0,2,18,18,3.67697035113815
2020_17_TEN_HOU,17,HOU,D.Watson,00-0033537,39,43,3,341,365,1,4,6,10,28,365,3,93,398,272,9.84345316261094
2020_17_TEN_HOU,17,TEN,R.Tannehill,00-0029701,27,29,1,204,216,0,2,8,9,18,216,1,62,306,154,8.89034521751006
2020_17_WAS_PHI,17,PHI,G.Ward,00-0033733,1,1,0,15,15,0,0,1,0,1,15,0,0,15,15,0.868069074465893
2020_17_WAS_PHI,17,PHI,J.Hurts,00-0036389,20,21,0,67,72,1,1,4,12,7,72,0,25,143,47,-12.5731290698168
2020_17_WAS_PHI,17,PHI,N.Sudfeld,00-0032792,12,14,0,16,32,1,2,4,6,5,32,0,18,118,14,-4.72489028249402
2020_17_WAS_PHI,17,WAS,A.Smith,00-0023436,32,35,2,145,162,2,3,5,8,22,162,2,97,101,65,-8.24772584367629
