week,posteam,noruns,nopass,noplays,touchdown,yards_gained,touchdown_rush,yards_rushing,epa
1,ARI,36,0,36,2,180,2,180,9.08103456601384
1,ATL,21,0,21,1,72,1,72,-7.0050639641787
1,BAL,30,0,30,2,111,2,111,-2.12635431240778
1,BUF,32,0,32,1,98,1,98,-13.1249303315888
1,CAR,30,0,30,2,129,2,129,1.63804445901148
1,CHI,28,0,28,0,149,0,149,4.72853186164866
1,CIN,28,0,28,1,122,1,122,-8.47962174518034
1,CLE,27,0,27,0,138,0,138,-5.78249876509653
1,DAL,27,0,27,1,136,1,136,3.66173548798542
1,DEN,26,0,26,1,107,1,107,1.86469378057518
1,DET,29,0,29,1,138,1,138,-3.01983212065534
1,GNB,32,0,32,1,158,1,158,5.54213444376364
1,HOU,22,0,22,2,118,2,118,5.31906943133799
1,IND,22,0,22,1,88,1,88,-6.14965567269246
1,JAC,23,0,23,0,91,0,91,-2.33810857916251
1,KAN,34,0,34,1,166,1,166,0.334778832754214
1,LAC,39,0,39,1,155,1,155,-6.02759548496115
1,LAR,40,0,40,2,153,2,153,-3.2493934680361
1,LVR,31,0,31,3,133,3,133,4.34305033329292
1,MIA,27,0,27,1,87,1,87,-2.62395574347465
1,MIN,22,0,22,2,134,2,134,6.29627562081441
1,NOR,34,0,34,1,82,1,82,-13.5770682885562
1,NWE,42,0,42,3,217,3,217,13.590415530497
1,NYG,20,0,20,0,29,0,29,-7.89773997658631
1,NYJ,15,0,15,1,52,1,52,0.218273769220104
1,PHI,17,0,17,0,57,0,57,-0.914912517473567
1,PIT,30,0,30,0,141,0,141,-5.37975092593115
1,SEA,20,0,20,1,84,1,84,-1.1684552168299
1,SFO,25,0,25,0,123,0,123,-3.20965184847591
1,TAM,26,0,26,1,86,1,86,0.0895101216738112
1,TEN,34,0,34,0,130,0,130,-1.72862653419725
1,WAS,36,0,36,2,80,2,80,-10.3997618080466
2,ARI,32,0,32,2,160,2,160,4.50723167047478
2,ATL,34,0,34,0,113,0,113,-3.96094949865456
2,BAL,37,0,37,1,230,1,230,4.73908649452607
2,BUF,23,0,23,0,112,0,112,-2.4038117674645
2,CAR,24,0,24,2,87,2,87,-2.05127992664347
2,CHI,32,0,32,0,135,0,135,-2.75440137059195
2,CIN,24,0,24,0,68,0,68,-4.67845659400336
2,CLE,35,0,35,3,215,3,215,6.76303253835067
2,DAL,31,0,31,4,125,4,125,-2.21548776701011
2,DEN,26,0,26,0,104,0,104,-2.58225859975209
2,DET,21,0,21,1,89,1,89,3.96229680319084
2,GNB,35,0,35,2,259,2,259,7.54453982634004
2,HOU,17,0,17,0,51,0,51,-4.49942156334873
2,IND,40,0,40,1,151,1,151,-3.10818830622324
2,JAC,27,0,27,1,165,1,165,7.44808439264307
2,KAN,22,0,22,0,125,0,125,4.69119903805449
2,LAC,44,0,44,1,183,1,183,0.41641857085051
2,LAR,39,0,39,2,191,2,191,4.54270494010416
2,LVR,35,0,35,1,116,1,116,-5.5949816272375
2,MIA,22,0,22,1,99,1,99,3.97002920796513
2,MIN,18,0,18,1,80,1,80,-1.36970439643483
2,NOR,19,0,19,2,112,2,112,6.36024807774811
2,NWE,25,0,25,2,67,2,67,-6.42970970008173
2,NYG,18,0,18,1,75,1,75,2.48497073439648
2,NYJ,29,0,29,0,104,0,104,-9.37306847662174
2,PHI,26,0,26,2,121,2,121,3.76961190474685
2,PIT,22,0,22,1,109,1,109,-11.0452116753861
2,SEA,30,0,31,0,154,0,154,2.56597263371805
2,SFO,29,0,29,2,182,2,182,2.81171249767067
2,TAM,22,0,22,3,122,3,122,-1.64878780148865
2,TEN,34,0,34,0,123,0,123,-4.23860552336555
2,WAS,23,0,23,1,117,1,117,5.02516172186006
3,ARI,27,0,27,1,109,1,109,3.9373085857369
3,ATL,25,0,25,2,144,2,144,5.15291495621204
3,BAL,21,0,21,0,158,0,158,8.77383019548142
3,BUF,21,0,21,1,101,1,101,2.85711312745116
3,CAR,21,0,21,0,81,0,81,-7.87932953409016
3,CHI,25,0,25,0,130,0,130,0.53335766584496
3,CIN,17,0,17,0,39,0,39,-3.88033264040132
3,CLE,37,0,37,2,158,2,158,-3.97496670195654
3,DAL,21,0,21,1,61,1,61,2.98817456827965
3,DEN,14,0,14,0,42,0,42,-2.72167854011059
3,DET,27,0,27,0,90,0,90,-4.27069975506093
3,GNB,26,0,26,1,98,1,98,-1.5891775409691
3,HOU,15,0,15,1,29,1,29,-4.95242028645589
3,IND,31,0,31,1,119,1,119,-6.13153824358805
3,JAC,17,0,17,2,72,2,72,-0.459544085053494
3,KAN,31,0,31,1,132,1,132,-7.87202980002621
3,LAC,23,0,23,1,117,1,117,-6.65292628959287
3,LAR,32,0,32,2,167,2,167,9.56115336759831
3,LVR,22,0,22,0,126,0,126,-1.93834008998238
3,MIA,36,0,36,2,138,2,138,1.24359617385244
3,MIN,33,0,33,1,226,1,226,-0.446676375053357
3,NOR,20,0,20,0,122,0,122,-3.87221708672587
3,NWE,38,0,38,2,250,2,250,11.622934754855
3,NYG,15,0,15,0,66,0,66,-9.0408043685602
3,NYJ,29,0,29,0,109,0,109,-2.58826553972904
3,PHI,36,0,36,1,172,1,172,5.05620056542102
3,PIT,38,0,38,1,169,1,169,-3.67503041729337
3,SEA,26,0,26,0,117,0,117,-1.29606129109743
3,SFO,35,0,35,3,93,3,93,-1.65062649059109
3,TAM,25,0,25,0,68,0,68,-2.36017289613751
3,TEN,34,0,34,2,134,2,134,2.51575003098696
3,WAS,22,0,22,1,103,1,103,-0.599766122642905
4,ARI,23,0,23,0,129,0,129,3.16130362228432
4,ATL,25,0,25,2,78,2,78,1.11073173565092
4,BAL,32,0,32,2,144,2,144,0.505583819409367
4,BUF,24,0,24,2,63,2,63,-5.06458858889528
4,CAR,35,0,35,2,168,2,168,5.45043584768428
4,CHI,16,0,16,0,28,0,28,-5.3745615609223
4,CIN,34,0,34,2,205,2,205,7.40890364122404
4,CLE,40,0,40,3,307,3,307,16.8858583858237
4,DAL,18,0,18,1,85,1,85,-1.05788990255678
4,DEN,32,0,32,2,117,2,117,-3.2910408891039
4,DET,22,0,22,1,90,1,90,1.51774987345561
4,GNB,26,0,26,0,88,0,88,-8.94180322944885
4,HOU,26,0,26,0,96,0,96,-5.86990560157574
4,IND,38,0,38,0,103,0,103,-7.87137409768592
4,JAC,20,0,20,0,89,0,89,-1.11140072739792
4,KAN,25,0,25,0,94,0,94,0.928941188829217
4,LAC,23,0,23,0,46,0,46,-7.7825595032773
4,LAR,23,0,23,1,58,1,58,0.379768269194756
4,LVR,23,0,23,0,86,0,86,-7.40850330104266
4,MIA,22,0,23,1,103,1,103,0.919996336522501
4,MIN,40,0,40,3,162,3,162,6.18507030693581
4,NOR,42,0,42,3,164,3,164,6.71970172651345
4,NWE,35,0,35,0,185,0,185,3.32953666793765
4,NYG,25,0,25,0,136,0,136,0.902225967671257
4,NYJ,24,0,24,1,129,1,129,1.5430151874898
4,PHI,28,0,28,1,93,1,93,-2.39145211072173
4,SEA,26,0,26,2,98,2,98,1.5747096465202
4,SFO,20,0,20,2,116,2,116,3.45712117259973
4,TAM,27,0,27,0,115,0,115,-1.66912247339496
4,WAS,22,0,22,2,69,2,69,2.45689901182777
5,ARI,30,0,30,3,127,3,127,1.52926070886315
5,ATL,24,0,24,1,166,1,166,7.16309410362737
5,BAL,24,0,24,0,161,0,161,0.842847147781868
5,BUF,22,0,22,0,95,0,95,2.55653564172098
5,CAR,27,0,27,0,124,0,124,-1.62098286294497
5,CHI,14,0,14,1,35,1,35,-4.33090974288643
5,CIN,28,0,28,0,70,0,70,-8.61070384004927
5,CLE,33,0,33,0,124,0,124,-1.36791058639203
5,DAL,29,0,29,2,126,2,126,-1.92008419978083
5,HOU,22,0,22,0,129,0,129,0.396783029776998
5,IND,18,0,18,1,68,1,68,4.58950913907029
5,JAC,20,0,20,0,75,0,75,0.0708810525829904
5,KAN,20,0,20,2,80,2,80,-0.42841538254288
5,LAC,32,0,32,0,111,0,111,-5.4808779382729
5,LAR,35,0,35,2,129,2,129,-5.72960226173746
5,LVR,35,0,35,2,144,2,144,1.98853840149241
5,MIA,33,0,33,1,94,1,94,-6.83320261892089
5,MIN,41,0,41,1,201,1,201,-2.92719634488458
5,NOR,25,0,25,2,95,2,95,-2.27116203948116
5,NYG,27,0,27,2,89,2,89,1.08126679097768
5,NYJ,28,0,28,0,123,0,123,-4.00000909413211
5,PHI,16,0,16,2,94,2,94,1.88480271291337
5,PIT,32,0,32,2,136,2,136,0.876917586982017
5,SEA,16,0,16,1,124,1,124,2.74585700934404
5,SFO,19,0,19,1,131,1,131,2.60290887206793
5,TAM,20,0,20,0,106,0,106,1.79247847670922
5,TEN,34,0,34,3,139,3,139,3.91828499370604
5,WAS,14,0,14,1,38,1,38,0.401645298232324
6,ARI,35,0,35,3,261,3,261,17.7098728677665
6,ATL,37,0,37,0,99,0,99,-17.8762491517447
6,BAL,37,0,37,2,182,2,182,0.183699118439108
6,BUF,23,0,23,0,84,0,84,1.74196707812371
6,CAR,29,0,29,1,112,1,112,-8.35510845696269
6,CHI,25,0,25,1,63,1,63,-3.41585305240005
6,CIN,32,0,32,3,98,3,98,0.163155196376684
6,CLE,22,0,22,0,75,0,75,-10.1676521492773
6,DAL,27,0,27,0,97,0,97,-6.09081877916469
6,DEN,37,0,37,0,135,0,135,-3.0931263804987
6,DET,39,0,39,3,180,3,180,4.1638747335528
6,GNB,21,0,21,1,94,1,94,-0.897626275371295
6,HOU,27,0,27,1,92,1,92,-1.36198789108312
6,IND,15,0,15,1,59,1,59,-0.593081865546992
6,JAC,16,0,16,1,44,1,44,-1.1246205169009
6,KAN,46,0,46,1,245,1,245,6.82051908635905
6,LAR,19,0,19,0,113,0,113,4.41117755929008
6,MIA,25,0,25,0,110,0,110,0.333840061502997
6,MIN,13,0,13,0,32,0,32,-7.03321473579854
6,NWE,25,0,25,1,117,1,117,1.08710928420496
6,NYG,26,0,26,0,132,0,132,-2.80633148058953
6,NYJ,22,0,22,0,115,0,115,-4.35634004650638
6,PHI,18,0,18,2,194,1,194,0.591429747699294
6,PIT,37,0,37,3,129,3,129,4.61696061256225
6,SFO,37,0,37,0,122,0,122,-5.0389919967495
6,TAM,35,0,35,2,158,2,158,-2.71254277290427
6,TEN,27,0,27,2,263,2,263,11.8564151929367
6,WAS,24,0,24,0,86,0,86,0.389198443444911
7,ARI,33,0,33,1,159,1,159,-1.76305735698105
7,ATL,26,0,26,2,66,2,66,-5.13363390357699
7,BUF,27,0,27,0,126,0,126,-0.958753804139097
7,CAR,14,0,14,1,37,1,37,-1.28366811185693
7,CHI,17,0,17,0,49,0,49,-5.56656415661564
7,CIN,21,0,21,1,81,1,81,0.339699356147321
7,CLE,22,0,22,0,82,0,82,-1.48252609721385
7,DAL,26,0,26,0,83,0,83,-3.91109985644944
7,DEN,33,0,33,2,177,2,177,-0.684839677705895
7,DET,21,0,21,1,64,1,64,-5.89572052110504
7,GNB,27,0,27,1,96,1,96,-0.678516210551607
7,HOU,22,0,22,0,79,0,79,-6.2458241590648
7,JAC,27,0,27,1,140,1,140,-5.29541065538069
7,KAN,22,0,22,2,101,2,101,3.27284256074927
7,LAC,32,0,32,2,135,2,135,-3.03069472248899
7,LAR,34,0,34,2,160,1,160,-12.2405417156221
7,LVR,24,0,24,0,76,0,76,-0.658029052661732
7,NOR,29,0,29,1,138,1,138,-0.277096435136627
7,NWE,22,0,22,0,94,0,94,-0.978838106607733
7,NYG,22,0,22,1,160,1,160,0.574443949735723
7,NYJ,22,0,22,1,100,1,100,-0.831205692549702
7,PHI,26,0,26,1,96,1,96,-4.80707111512311
7,PIT,25,0,25,1,94,1,94,2.78619134947076
7,SEA,30,0,30,1,200,1,200,9.16459178982768
7,SFO,37,0,37,4,197,4,197,8.98108972906674
7,TAM,25,0,25,2,85,2,85,-2.88966551431804
7,TEN,23,0,23,1,82,1,82,-2.69664555683266
7,WAS,39,0,39,1,208,1,208,-0.0639219667206898
8,ATL,36,0,36,2,131,2,131,3.5641729429782
8,BAL,47,0,47,1,265,1,265,3.33673901692964
8,BUF,38,0,38,3,190,3,190,10.2247850410058
8,CAR,22,0,22,1,147,1,147,1.35493338416563
8,CHI,23,0,23,0,96,0,96,-3.6403548020462
8,CIN,32,0,32,2,118,2,118,0.205880392226391
8,CLE,22,0,22,0,101,0,101,4.54457701591309
8,DAL,35,0,35,0,133,0,133,-1.94641913694795
8,DEN,16,0,16,1,108,1,108,1.25825753505342
8,DET,13,0,13,0,29,0,29,-5.65466779679991
8,GNB,24,0,24,0,109,0,109,1.25493716553319
8,IND,39,0,39,2,119,2,119,-5.48469212453347
8,KAN,20,0,20,0,50,0,50,-10.1451204688638
8,LAC,38,0,38,0,210,0,210,-1.45771815330954
8,LAR,29,0,29,1,131,1,131,2.251535754418
8,LVR,45,0,45,0,209,0,209,8.76975956984097
8,MIA,25,0,25,1,55,1,55,-13.0221870433015
8,MIN,34,0,34,3,173,3,173,6.86520249274327
8,NOR,30,0,30,0,122,0,122,-3.60968328843592
8,NWE,34,0,34,2,188,2,188,2.76905084594736
8,NYG,24,0,24,1,101,1,101,0.255989925994072
8,NYJ,25,0,25,0,93,0,93,-4.23804910591571
8,PHI,26,0,26,0,119,0,119,-2.40286900877254
8,PIT,16,0,16,1,48,1,48,-1.04821324744262
8,SEA,28,0,28,1,101,1,101,-0.377843477472197
8,SFO,22,0,22,2,52,2,52,1.30382881476544
8,TAM,24,0,24,0,81,0,81,-5.03622068795665
8,TEN,29,0,29,1,218,1,218,15.113390685292
9,ARI,37,0,37,1,178,1,178,0.0434473014320247
9,ATL,32,0,32,1,92,1,92,-9.52670499501983
9,BAL,38,0,38,2,110,2,110,-7.44880197799325
9,BUF,19,0,19,2,34,2,34,-2.49583758831895
9,CAR,24,0,24,2,104,2,104,5.81450466981128
9,CHI,20,0,20,0,56,0,56,-6.1856010495103
9,DAL,31,0,31,0,144,0,144,0.0213483493203652
9,DEN,22,0,22,1,103,1,103,-3.71686560387025
9,DET,27,0,27,0,129,0,129,-0.921651475129298
9,GNB,31,0,31,0,111,0,111,-2.07508729446352
9,HOU,28,0,28,1,107,1,107,-2.65276419511065
9,IND,21,0,21,2,112,1,112,-9.3446880952979
9,JAC,27,0,27,2,115,2,115,-1.695750478626
9,KAN,11,0,11,0,36,0,36,1.03193867078517
9,LAC,31,0,31,1,128,1,128,-0.336362885680454
9,LVR,26,0,26,2,160,2,160,7.73033337912057
9,MIA,25,0,25,1,91,1,91,-2.42930072546005
9,MIN,34,0,34,2,275,2,275,8.88636215549195
9,NOR,37,0,37,1,138,1,138,-0.190074049518444
9,NWE,41,0,41,3,159,3,159,2.74383194682055
9,NYG,35,0,35,1,166,1,166,-2.60121848451672
9,NYJ,18,0,18,0,65,0,65,-0.900607965362724
9,PIT,18,0,18,0,46,0,46,-8.16901485278504
9,SEA,17,0,17,2,57,2,57,-0.750161068164744
9,SFO,17,0,17,1,55,1,55,-0.913850273005664
9,TAM,5,0,5,0,8,0,8,-1.24580795364454
9,TEN,31,0,31,0,92,0,92,-5.3510337555781
9,WAS,9,0,9,1,37,1,37,-0.946299867006019
10,ARI,35,0,35,2,217,2,217,1.92450989133795
10,BAL,28,0,28,0,115,0,115,-1.24510198255302
10,BUF,18,0,18,0,73,0,73,-2.37856033546902
10,CAR,16,0,16,1,65,1,65,0.11181643710006
10,CHI,17,0,17,0,41,0,41,-5.65491476486204
10,CIN,21,0,21,0,139,0,139,2.82467372732935
10,CLE,41,0,41,1,231,1,231,0.471271552436519
10,DEN,19,0,19,0,66,0,66,-2.99692716248683
10,DET,21,0,21,0,105,0,105,-0.730871446896344
10,GNB,25,0,25,1,80,1,80,-4.3858038643084
10,HOU,22,0,22,0,90,0,90,0.0133114359341562
10,IND,29,0,29,2,133,2,133,-1.01719739387045
10,JAC,23,0,23,0,109,0,109,0.251871739514172
10,LAC,29,0,29,1,99,1,99,3.06197209609672
10,LAR,29,0,29,3,106,3,106,-0.999364983697888
10,LVR,41,0,41,4,203,4,203,3.34126813017065
10,MIA,32,0,32,1,111,1,111,-11.5463757403198
10,MIN,33,0,33,0,99,0,99,-8.18515366257634
10,NOR,30,0,30,2,114,2,114,-2.95312273112359
10,NWE,39,0,40,1,173,1,173,2.02839782822412
10,NYG,36,0,36,3,151,3,151,3.51771293506446
10,PHI,23,0,23,2,156,2,156,8.42823590850458
10,PIT,20,0,20,0,44,0,44,-7.23063251830172
10,SEA,22,0,22,1,113,1,113,-4.69268540362828
10,SFO,25,0,25,0,49,0,49,-11.8827815377153
10,TAM,37,0,37,2,210,2,210,3.96875707448968
10,TEN,32,0,32,1,157,1,157,0.534004975896096
10,WAS,26,0,26,3,89,3,89,1.31775793171255
11,ARI,18,0,18,1,57,1,57,-2.23697863952839
11,ATL,14,0,14,0,52,0,52,-2.82266093004728
11,BAL,33,0,33,1,129,1,129,0.745038268582512
11,CAR,34,0,34,1,116,1,116,-3.99086178618018
11,CIN,18,0,18,0,70,0,70,-4.16510719468351
11,CLE,40,0,40,1,137,1,137,-13.2293389024495
11,DAL,31,0,31,1,180,1,180,5.68850526516326
11,DEN,33,0,33,2,189,2,189,-4.14725187814219
11,DET,17,0,17,0,40,0,40,-9.39899817173136
11,GNB,18,0,18,1,66,1,66,-4.21491120109567
11,HOU,19,0,19,1,55,1,55,-4.18958369389293
11,IND,37,0,37,0,140,0,140,-2.65077819235207
11,JAC,17,0,17,0,73,0,73,1.57862590570585
11,KAN,27,0,27,3,108,3,108,1.97025413223309
11,LAC,26,0,26,0,29,0,29,-8.02137347287498
11,LAR,20,0,20,0,37,0,37,-8.97252633042272
11,LVR,26,0,26,1,89,1,89,-2.7543824716995
11,MIA,17,0,17,0,56,0,56,-1.62576504647687
11,MIN,29,0,29,1,125,1,125,2.7197765140445
11,NOR,36,0,36,3,166,3,166,0.574712229747092
11,NWE,24,0,24,1,86,1,86,-0.377098754688632
11,NYJ,24,0,24,2,96,2,96,-0.686598474509083
11,PHI,25,0,25,0,106,0,106,-5.92742704076227
11,PIT,27,0,27,1,106,1,106,-4.23330585932126
11,SEA,31,0,31,1,165,1,165,2.51066762686241
11,TAM,18,0,18,1,42,1,42,-3.87534099182813
11,TEN,34,0,34,1,173,1,173,-1.50066402400262
11,WAS,34,0,34,1,164,1,164,-0.0651636969312546
12,ARI,34,0,34,2,138,2,138,-2.43634223868305
12,ATL,32,0,32,1,125,1,125,-2.40290733311657
12,BAL,28,0,28,1,129,1,129,-3.73217112419661
12,BUF,30,0,30,1,172,1,172,-4.45481409371132
12,CAR,28,0,28,0,107,0,107,-1.26156075664471
12,CHI,16,0,16,0,121,0,121,4.87069345155032
12,CIN,15,0,15,0,40,0,40,0.221236924349796
12,CLE,33,0,33,1,207,1,207,5.29652302974137
12,DAL,18,0,18,0,60,0,60,-5.22869635454845
12,DEN,33,0,33,0,100,0,100,-19.0485629176234
12,DET,29,0,29,2,109,2,109,-12.7603572098888
12,GNB,39,0,39,1,182,1,182,3.89623687893618
12,HOU,23,0,23,0,77,0,77,-7.17388083500555
12,IND,21,0,21,2,56,2,56,0.312272580020363
12,JAC,25,0,25,1,140,1,140,5.55657628446352
12,KAN,20,0,20,0,87,0,87,-3.40837228199234
12,LAC,24,0,24,1,76,1,76,-11.4666737059935
12,LAR,28,0,28,1,126,1,126,-7.41734407207696
12,LVR,14,0,14,0,40,0,40,-12.1342642296222
12,MIA,25,0,25,0,104,0,104,-13.9943999614334
12,MIN,24,0,24,1,96,0,96,-6.96279819286048
12,NOR,44,0,44,4,229,4,229,11.2535219695419
12,NWE,30,0,30,2,110,2,110,0.404279965965543
12,NYG,42,0,42,1,142,1,142,-1.08076398850275
12,NYJ,23,0,23,0,87,0,87,-6.24677221255843
12,PHI,14,0,14,0,70,0,70,1.21136387440492
12,PIT,20,0,20,0,68,0,68,-3.69500169015373
12,SEA,30,0,30,1,76,1,76,-2.53242946441957
12,SFO,33,0,33,2,112,1,112,-17.2095802147524
12,TAM,13,0,13,0,75,0,75,0.77165876084473
12,TEN,45,0,45,4,229,4,229,7.18010598889669
12,WAS,36,0,36,3,182,3,182,7.48339555514394
13,ARI,21,0,21,1,92,1,92,0.166757651313674
13,ATL,21,0,21,0,70,0,70,-1.98059084778652
13,BAL,37,0,37,2,294,2,294,19.2813411030802
13,BUF,27,0,27,0,81,0,81,-11.017047237521
13,CHI,31,0,31,3,140,3,140,-0.292252412402738
13,CIN,17,0,17,0,40,0,40,-0.952699711255264
13,CLE,36,0,36,1,118,1,118,-9.56506814746535
13,DAL,28,0,28,0,111,0,111,-5.62069782635081
13,DEN,33,0,33,0,179,0,179,2.51840506895624
13,DET,22,0,22,2,60,2,60,-2.71670979875489
13,GNB,25,0,25,1,149,1,149,2.85105545178521
13,HOU,19,0,19,2,90,2,90,-2.65429650197621
13,IND,29,0,29,1,109,1,109,-4.22479301993735
13,JAC,25,0,25,1,124,1,124,-3.77323585489648
13,KAN,22,0,22,0,134,0,134,3.44242853909964
13,LAC,15,0,15,0,70,0,70,1.13455338048516
13,LAR,31,0,31,3,119,3,119,-4.86887491618785
13,LVR,25,0,25,1,72,1,72,-2.96758592600236
13,MIA,28,0,28,0,110,0,110,-7.92968706169631
13,MIN,38,0,38,0,145,0,145,-8.16487599938409
13,NOR,36,0,36,1,207,1,207,3.1726752553368
13,NWE,43,0,43,2,165,2,165,1.23267290008542
13,NYG,31,0,31,1,190,1,190,2.60928660887294
13,NYJ,34,0,34,2,206,2,206,7.9897635425732
13,PHI,25,0,25,0,117,0,117,-2.2571757575497
13,PIT,14,0,14,0,21,0,21,-8.06881805683952
13,SEA,22,0,22,0,111,0,111,-6.28808086551726
13,SFO,21,0,21,0,86,0,86,-6.79739418023382
13,TEN,18,0,18,1,62,1,62,-9.55190719853272
13,WAS,21,0,21,1,45,1,45,-6.11213847671716
14,ARI,43,0,43,1,159,1,159,-3.44685493767576
14,ATL,20,0,20,0,70,0,70,-0.371644415077753
14,BAL,32,0,32,5,231,5,231,14.994276288955
14,BUF,27,0,27,0,104,0,104,-5.72391436772887
14,CAR,21,0,21,3,125,3,125,5.72485388594214
14,CHI,23,0,23,1,169,1,169,5.54637946520234
14,CIN,30,0,30,1,101,0,101,-24.6503541297279
14,CLE,28,0,28,4,138,4,138,6.5742615914638
14,DAL,25,0,25,0,101,0,101,-4.57441876683151
14,DEN,30,0,30,0,96,0,96,-2.88729066363885
14,DET,15,0,15,2,51,2,51,2.74701273615938
14,GNB,31,0,31,1,120,1,120,1.70748887985246
14,HOU,27,0,27,0,108,0,108,-4.87407422316028
14,IND,31,0,31,2,212,2,212,6.14930858814682
14,JAC,15,0,15,0,91,0,91,0.122469324734993
14,KAN,24,0,24,1,94,1,94,-1.70843372384262
14,LAC,26,0,26,0,105,0,105,-1.57355554174128
14,LAR,36,0,36,1,186,1,186,2.75297332426999
14,LVR,22,0,22,1,79,1,79,-0.502679891709704
14,MIA,24,0,24,1,80,1,80,-2.71999617913389
14,MIN,33,0,33,1,162,1,162,8.04816539213061
14,NOR,20,0,20,1,96,1,96,0.432967345463112
14,NWE,29,0,30,0,107,0,107,-7.08014048228506
14,NYG,17,0,17,1,78,1,78,-0.853555457375478
14,NYJ,23,0,23,0,69,0,69,-11.765342562343
14,PHI,36,0,36,2,246,2,246,0.146504902804736
14,PIT,17,0,17,0,47,0,47,-3.22732889308827
14,SEA,36,0,36,1,174,1,174,-0.673187647996769
14,SFO,27,0,27,1,108,1,108,-4.63765374937793
14,TAM,26,0,26,1,107,1,107,-1.46023412674549
14,TEN,40,0,40,2,249,2,249,8.18080354583799
14,WAS,28,0,28,0,98,0,98,-0.63577537832316
15,ARI,30,0,30,1,103,1,103,-5.54344716691412
15,ATL,13,0,13,0,37,0,37,-2.64269424119266
15,BAL,37,0,37,2,159,2,159,6.9553728827741
15,BUF,24,0,24,3,182,3,182,6.73315180274099
15,CAR,27,0,27,1,115,1,115,-2.6290878871223
15,CHI,42,0,42,2,199,2,199,3.80631724835274
15,CIN,41,0,41,2,152,2,152,-5.75454495079982
15,CLE,30,0,30,1,106,1,106,-3.96794880196103
15,DAL,22,0,22,2,87,2,87,-0.96583389810985
15,DEN,28,0,28,2,140,2,140,5.16430002910784
15,DET,27,0,27,2,123,2,123,-7.21339470118983
15,GNB,27,0,27,2,195,2,195,9.8401420560549
15,HOU,21,0,21,0,83,0,83,2.55841657606652
15,IND,23,0,23,1,127,1,127,5.55709222983569
15,JAC,22,0,22,0,62,0,62,-6.34247954952298
15,KAN,41,0,41,1,179,1,179,2.10264450951945
15,LAC,29,0,29,2,96,2,96,-6.68703810192528
15,LAR,19,0,19,0,114,0,114,-3.64640728442464
15,LVR,41,0,41,2,173,2,173,0.895366660610307
15,MIA,42,0,42,3,250,3,250,15.5025172173337
15,MIN,28,0,28,1,158,1,158,-1.66096692963038
15,NOR,17,0,17,1,60,1,60,-3.04773953655968
15,NWE,22,0,22,0,117,0,117,0.79717704468376
15,NYG,21,0,21,0,74,0,74,-4.92927313171094
15,NYJ,31,0,31,1,93,1,93,-5.04682709358167
15,PHI,29,0,29,1,117,1,117,-2.20687688930775
15,PIT,23,0,23,1,86,1,86,-7.85134327618289
15,SEA,26,0,26,1,181,1,181,9.51623434550129
15,SFO,36,0,36,1,150,1,150,0.575398564670979
15,TAM,18,0,18,2,51,2,51,-4.0089075602591
15,TEN,38,0,38,3,195,3,195,6.79140490057762
15,WAS,20,0,20,1,84,1,84,1.4066574293538
16,ARI,27,0,27,1,120,1,120,7.93436153119546
16,ATL,23,0,23,0,90,0,90,-1.49200939404545
16,BAL,40,0,40,1,249,1,249,4.08646216164925
16,BUF,31,0,31,1,130,1,130,5.16350502144107
16,CAR,35,0,35,1,113,1,113,0.605728459137026
16,CHI,33,0,33,3,128,3,128,4.41693359767669
16,CIN,33,0,33,2,169,2,169,2.26642229362354
16,CLE,18,0,18,2,45,2,45,-1.07170544791734
16,DAL,34,0,34,1,151,1,151,-1.65797387345783
16,DEN,28,0,28,1,133,1,133,1.93898276682012
16,DET,15,0,15,0,73,0,73,-6.09379427146632
16,GNB,37,0,37,2,234,2,234,11.6921565118246
16,HOU,17,0,17,1,166,1,166,8.96351203613449
16,IND,28,0,28,2,127,2,127,6.61329582345206
16,JAC,16,0,16,0,76,0,76,-1.91798748238944
16,KAN,21,0,21,0,117,0,117,2.64151453398517
16,LAC,20,0,20,0,89,0,89,0.240698321722448
16,LAR,29,0,29,0,118,0,118,-7.6927021286445
16,LVR,24,0,24,1,104,1,104,-1.52785734110234
16,MIA,25,0,25,0,130,0,130,3.27547448365889
16,MIN,17,0,17,2,90,2,90,3.87116080988199
16,NOR,45,0,45,7,264,7,264,15.3765753955231
16,NWE,24,0,24,1,145,1,145,2.90004550700542
16,NYG,12,0,12,0,54,0,54,1.86709430918563
16,NYJ,34,0,34,0,131,0,131,-4.96314584615175
16,PHI,29,0,29,1,151,1,151,-2.3895298448042
16,PIT,14,0,14,1,22,1,22,-3.49000372743467
16,SEA,24,0,24,1,95,1,95,-4.32854990725173
16,SFO,30,0,30,0,227,0,227,6.25594859632604
16,TAM,26,0,26,1,111,1,111,-1.72510593681363
16,TEN,27,0,27,1,156,1,156,3.8589190308121
16,WAS,19,0,19,0,108,0,108,4.46365681756288
17,ARI,18,0,18,0,48,0,48,-4.68766648188466
17,ATL,26,0,26,1,127,1,127,-3.8087008948205
17,BAL,54,0,54,2,404,2,404,17.9792481825926
17,BUF,25,0,25,2,78,2,78,-2.9499226405751
17,CAR,20,0,20,1,74,1,74,0.231454399006907
17,CHI,31,0,31,1,108,1,108,-0.74853893323017
17,CIN,19,0,19,0,147,0,147,0.932123630540445
17,CLE,31,0,31,2,192,2,192,3.25931354431668
17,DAL,27,0,27,1,108,1,108,1.63169313892006
17,DEN,32,0,32,1,122,1,122,-5.19433722586837
17,DET,22,0,22,2,129,2,129,7.40607664475101
17,GNB,19,0,19,1,79,1,79,0.434363691543695
17,HOU,17,0,17,1,96,1,96,2.8414246676839
17,IND,37,0,37,2,273,2,273,4.86071351367605
17,JAC,17,0,17,0,53,0,53,-4.25712629361078
17,KAN,17,0,17,1,51,1,51,-4.61901520896936
17,LAC,35,0,35,2,135,2,135,-3.37319074670086
17,LAR,30,0,30,0,110,0,110,-6.27504217083032
17,LVR,23,0,23,2,106,2,106,0.858528462355025
17,MIA,20,0,20,2,70,2,70,2.48726012906991
17,MIN,31,0,31,2,125,2,125,0.705722986080218
17,NOR,30,0,30,1,156,1,156,5.13482334878063
17,NWE,29,0,29,0,166,0,166,3.04714882251574
17,NYG,28,0,28,1,125,1,125,-4.44900394411525
17,NYJ,25,0,25,1,111,1,111,2.60717654874316
17,PHI,29,0,29,2,118,2,118,-3.18824866588693
17,PIT,20,0,20,0,85,0,85,-1.10830964172739
17,SEA,27,0,27,1,121,1,121,2.46160150706419
17,SFO,24,0,24,1,86,1,86,-5.93869081127923
17,TAM,22,0,22,1,94,1,94,-0.718327198672341
17,TEN,41,0,41,4,288,4,288,10.9201204194592
17,WAS,27,0,27,0,103,0,103,-4.89635030872887
