posteam,week,nodrives,noplays,noruns,nopass,sack,interception,incomplete_pass,complete_pass,notds,touchdown_rush,touchdown_pass,yards_gained,yards_passing,yards_receiving,yards_rushing,yards_after_catch,air_yards2,air_yards,epa,def_nodrives,def_noplays,def_noruns,def_nopass,def_sack,def_interception,def_incomplete_pass,def_complete_pass,def_notds,def_touchdown_rush,def_touchdown_pass,def_yards_gained,def_yards_passing,def_yards_receiving,def_yards_rushing,def_yards_after_catch,def_air_yards2,def_air_yards,def_epa
ARI,1,12,77,36,40,2,1,13,26,3,2,1,404,230,230,180,133,97,192,5.91689875710502,11,61,25,33,3,0,14,19,2,0,2,366,259,259,123,161,98,220,-2.83265634431391
ARI,2,12,73,32,38,3,1,11,26,3,2,1,438,286,286,160,120,166,352,8.2691633416303,11,60,23,33,4,0,14,19,2,1,1,316,223,223,117,134,89,283,-2.55418708038306
ARI,3,10,63,27,35,1,3,9,23,3,1,2,377,270,270,109,119,151,332,-0.212294080178253,10,62,27,31,4,0,9,22,2,0,2,322,270,270,90,151,119,220,1.98251604393786
ARI,4,9,55,23,31,1,0,7,24,3,0,3,262,133,133,129,63,70,213,4.37652384959802,10,72,35,37,0,1,10,26,4,2,2,444,276,276,168,173,103,228,18.0317328050461
ARI,5,11,67,30,37,1,1,9,27,4,3,1,496,380,380,127,152,228,336,15.0281424925184,10,64,28,33,3,0,15,18,1,0,1,285,195,195,123,95,100,322,-8.60954617960283
ARI,6,11,60,35,24,1,0,15,9,5,3,2,438,188,188,261,117,71,240,19.1368800762116,11,84,27,54,3,2,18,34,1,0,1,344,266,266,97,153,113,301,-14.8381607738423
ARI,7,13,77,33,48,0,1,13,34,4,1,3,519,360,360,159,175,185,387,5.53705152218454,12,82,30,50,2,3,14,33,4,1,3,572,388,388,200,158,230,451,9.32294774641612
ARI,9,9,64,37,26,1,0,5,21,5,1,3,442,283,283,178,52,231,250,9.69111603168854,9,55,25,28,3,0,8,20,3,1,2,312,248,248,91,68,180,229,8.33040935191657
ARI,10,12,70,35,32,3,1,9,22,3,2,1,453,245,245,217,96,149,231,4.85331186835736,12,68,18,50,0,2,15,33,3,0,3,369,296,296,73,166,130,343,-0.638096234348548
ARI,11,9,63,18,42,3,0,13,29,3,1,2,314,269,269,57,136,133,284,8.40316951996647,10,62,31,28,3,0,5,23,3,1,2,347,197,197,165,101,96,188,12.5306076525639
ARI,12,9,70,34,34,2,1,10,23,2,2,0,298,170,170,138,75,95,229,-4.41669906382177,9,50,30,18,3,2,7,9,2,2,0,179,84,84,110,49,35,105,-11.0809231200862
ARI,13,12,61,21,39,2,1,17,21,5,1,3,232,173,173,92,87,86,240,-11.344455347202,11,79,31,47,1,0,10,37,4,3,1,463,351,351,119,256,95,167,13.3313352985731
ARI,14,13,79,43,35,1,0,11,24,2,1,1,390,244,244,159,128,116,191,1.35207560102261,11,49,17,24,8,0,11,13,1,1,0,159,145,145,78,30,115,271,-18.217250880145
ARI,15,13,68,30,37,1,1,8,28,4,1,3,526,432,432,103,177,255,364,1.14437824287283,13,79,29,44,6,0,20,24,4,1,3,422,338,338,117,173,165,477,3.37998574369703
ARI,16,12,79,27,50,3,1,18,31,1,1,0,350,247,247,120,96,151,406,-13.5609999160416,12,55,30,22,3,0,9,13,3,0,3,398,182,182,227,109,73,145,8.53802396439496
ARI,17,12,49,18,27,4,1,7,19,2,0,1,214,192,192,48,144,48,213,-15.2966562221148,10,70,30,38,2,1,15,22,0,0,0,333,231,231,110,93,138,358,-9.62131525732646
ATL,1,12,77,21,54,2,1,16,37,3,1,2,506,450,450,72,106,344,524,0.0357722726256862,11,58,20,35,3,0,4,31,5,1,4,383,322,322,84,160,162,205,18.4017207008825
ATL,2,12,72,34,37,1,0,13,24,4,0,4,380,273,273,113,105,168,377,9.15381081029316,13,80,31,49,1,0,15,34,5,4,1,570,450,450,125,205,245,381,6.7622948563541
ATL,3,14,65,25,38,2,1,18,19,3,2,1,371,238,238,144,77,161,423,-1.92261168706201,14,78,25,51,2,2,20,29,4,0,4,437,316,316,130,152,164,532,0.728651744259112
ATL,4,9,68,25,39,4,0,11,28,2,2,0,327,285,285,78,111,174,369,2.61232456193011,9,60,26,33,1,0,6,27,4,0,4,403,327,327,88,173,154,285,16.9657940604775
ATL,5,9,62,24,37,2,1,15,21,1,1,0,373,226,226,166,84,142,284,3.41961447897212,9,63,27,36,0,0,9,27,2,0,2,437,313,313,124,178,135,218,15.1642438133685
ATL,6,12,79,37,40,2,0,10,30,4,0,4,462,371,371,99,171,200,270,12.5653355563931,12,50,13,36,1,3,9,24,3,0,3,365,343,343,32,137,206,330,-7.80833961223834
ATL,7,9,70,26,42,2,0,11,31,3,2,1,388,338,338,66,103,235,283,4.54828692047158,10,55,21,36,2,0,11,25,2,1,1,386,340,340,64,80,260,337,6.51530496954037
ATL,8,9,68,36,30,2,1,8,21,2,2,0,401,281,281,131,90,191,258,13.4383042657528,8,52,22,27,3,1,10,16,2,1,1,304,179,176,147,72,104,221,-2.61239606141569
ATL,9,14,69,32,35,2,1,9,25,4,1,3,363,284,284,92,89,195,336,1.44912020646836,13,71,22,48,1,1,22,25,3,1,2,405,313,313,103,127,186,440,-2.362669827205
ATL,11,11,59,14,37,8,2,16,19,0,0,0,248,232,232,52,52,180,401,-18.4149381870743,10,62,36,23,3,0,5,18,3,3,0,376,233,233,166,103,130,142,2.33994362152686
ATL,12,13,72,32,39,1,1,16,22,3,1,2,304,185,185,125,100,85,221,-5.82822560384062,13,58,14,39,5,1,13,25,1,0,0,243,240,240,40,141,99,253,-41.9345378355915
ATL,13,12,63,21,39,3,0,20,19,1,0,1,332,273,273,70,56,217,453,-12.7200737892013,11,75,36,37,2,0,10,27,3,1,2,424,232,232,207,50,182,300,5.6593698640354
ATL,14,8,55,20,33,2,3,8,22,2,0,2,319,263,263,70,111,152,327,0.34413482779796,9,71,26,44,1,1,7,36,2,0,2,345,243,243,105,145,98,241,3.63537556851873
ATL,15,11,65,13,49,3,0,15,34,3,0,3,369,356,356,37,119,237,431,1.82450555506437,12,66,18,45,3,0,14,31,4,2,2,416,390,390,51,195,195,349,10.311305760344
ATL,16,10,62,23,35,4,0,8,27,2,0,2,367,300,300,90,145,155,233,3.44780511220495,10,66,21,45,0,2,19,24,2,0,2,395,278,278,117,170,108,352,0.831470134288203
ATL,17,9,71,26,44,1,0,15,29,3,1,2,385,265,265,127,125,140,227,4.7491003328495,10,63,22,41,1,1,14,26,5,1,4,485,399,399,94,184,215,447,21.1962031630622
BAL,1,11,58,30,26,2,0,5,21,5,2,3,381,284,284,111,77,207,257,11.6342701098362,11,68,27,39,2,1,17,21,1,0,1,306,189,189,138,34,155,358,-16.4293415714336
BAL,2,9,65,37,24,4,0,6,18,2,1,1,407,204,204,230,103,101,190,10.3126675429742,10,56,17,36,4,1,10,25,2,0,1,304,275,275,51,112,163,283,-11.2367893349799
BAL,3,10,53,21,28,4,0,13,15,1,0,1,228,97,97,158,32,65,260,-6.15219770387355,10,73,31,42,0,0,11,31,5,1,4,517,385,385,132,178,207,346,23.5058193389957
BAL,4,11,56,32,23,1,2,6,15,4,2,2,350,208,208,144,54,154,363,12.461636781829,11,70,22,45,3,0,13,32,2,2,0,343,314,314,69,204,110,200,-2.15608582458966
BAL,5,12,62,24,37,1,1,17,19,2,0,2,332,180,180,161,84,96,318,-4.22934487440005,12,65,28,30,7,1,10,19,1,0,0,205,183,183,70,85,98,220,-32.2882112270578
BAL,6,14,67,37,27,3,0,11,16,3,2,1,355,186,186,182,88,98,186,2.10263889008465,14,64,18,40,6,0,19,21,4,1,2,364,213,213,194,61,152,369,-6.88884823169792
BAL,8,12,78,47,28,4,2,13,13,4,1,2,457,208,208,265,77,131,232,-5.87132205742904,10,50,16,32,2,0,11,21,3,1,2,221,182,182,48,93,89,232,-0.773356106539723
BAL,9,10,63,38,23,2,0,4,19,2,2,0,266,170,170,110,104,66,86,-0.0194618788922933,12,63,21,44,0,1,18,25,2,1,0,339,227,227,112,169,58,270,-23.4127073568937
BAL,10,9,64,28,34,2,1,9,24,2,0,2,357,249,249,115,145,104,259,3.02975739122539,10,59,39,18,1,0,4,14,3,1,2,308,142,142,173,66,76,106,8.80688498482553
BAL,11,10,63,33,29,1,1,11,17,2,1,1,306,186,186,129,104,82,288,6.27265890960525,10,68,34,32,2,1,8,23,3,1,2,423,266,266,173,139,127,200,9.98343815808565
BAL,12,12,49,28,18,3,1,8,9,3,1,1,219,110,110,129,83,27,136,-18.6349222430727,10,71,20,51,0,1,14,36,1,0,1,334,266,266,68,135,131,241,-8.41456581584378
BAL,13,9,54,37,17,0,1,4,12,4,2,2,401,107,107,294,51,56,94,14.6716591329669,10,77,28,48,1,1,16,31,2,0,2,388,285,285,111,124,161,453,2.44450128790339
BAL,14,11,56,32,21,4,0,9,12,6,5,1,385,176,176,231,62,114,226,21.2890624094969,12,76,28,48,0,1,18,29,6,4,2,493,355,355,138,142,213,446,17.9750477823687
BAL,15,10,64,37,26,1,1,6,19,5,2,3,409,250,250,159,97,153,254,18.2342217007629,9,56,22,29,5,0,7,22,2,0,2,267,226,226,62,90,136,225,-1.78343417186989
BAL,16,9,65,40,26,0,0,9,17,3,1,2,432,183,183,249,66,117,181,15.2976411251545,8,59,12,41,6,0,17,24,1,0,1,269,252,252,54,108,144,386,-3.17383364524508
BAL,17,11,73,54,19,0,1,7,11,5,2,3,525,121,121,404,45,76,191,25.4826739748015,11,40,19,21,0,2,13,6,0,0,0,195,48,48,147,33,15,155,-23.3739362067729
BUF,1,11,81,32,46,3,0,13,33,3,1,2,404,312,312,98,137,175,279,0.67607813361907,11,51,15,35,3,1,13,21,2,1,1,254,215,215,52,139,76,257,-8.44052137347792
BUF,2,11,59,23,35,1,0,11,24,4,0,4,523,415,415,112,154,261,362,21.034442621141,11,71,22,47,3,0,16,31,3,1,2,410,328,328,99,121,207,313,10.2740004207938
BUF,3,9,58,21,33,4,1,8,24,5,1,4,375,311,311,101,140,171,307,11.3121776638145,10,66,32,32,2,1,8,23,4,2,2,478,321,321,167,154,167,185,21.187336491602
BUF,4,10,59,24,34,1,0,10,24,4,2,2,337,288,288,63,77,211,229,13.5090845696318,9,68,23,44,2,0,12,32,2,0,2,383,311,311,86,138,173,267,-1.90678613588798
BUF,5,9,69,22,46,1,2,15,29,2,0,2,370,285,285,95,69,216,406,2.38562963777101,9,62,34,28,0,0,7,21,6,3,3,334,195,195,139,69,126,181,17.8071033797751
BUF,6,9,50,23,27,0,1,12,14,2,0,2,206,122,122,84,46,76,272,-1.36880485598494,9,73,46,26,1,0,5,21,3,1,2,466,225,225,245,104,121,161,21.9535285896053
BUF,7,10,72,27,43,2,0,13,30,0,0,0,422,307,307,126,172,135,308,5.3040840992894,9,51,22,23,6,2,9,12,1,1,0,191,120,120,100,39,81,149,-13.1928910551042
BUF,8,10,57,38,18,1,1,6,11,3,3,0,339,154,154,190,83,71,179,9.09390370224121,9,61,34,25,2,0,10,15,2,2,0,349,174,174,188,92,82,143,5.00743375936074
BUF,9,12,64,19,38,7,0,7,31,5,2,3,420,415,415,34,194,221,341,13.9748913058027,11,63,17,41,5,2,11,28,4,2,2,419,390,390,57,145,245,380,1.52571487860389
BUF,10,12,68,18,50,0,2,15,33,3,0,3,369,296,296,73,166,130,343,-0.638096234348548,12,70,35,32,3,1,9,22,3,2,1,453,245,245,217,96,149,231,4.85331186835736
BUF,12,12,58,30,25,3,1,5,19,3,1,2,332,177,177,172,74,103,106,-2.09553770141927,12,79,24,52,3,1,20,31,2,1,1,367,316,316,76,150,166,312,-6.33759760938589
BUF,13,10,68,27,40,1,0,8,32,4,0,4,449,375,375,81,129,246,294,10.8098971713787,9,60,21,39,0,2,11,26,3,0,3,402,316,316,86,133,183,266,2.03867987079536
BUF,14,12,71,27,43,1,1,18,24,2,0,2,334,238,238,104,130,108,455,-10.003859447597,13,55,17,37,1,2,14,21,3,0,2,224,187,187,47,116,71,242,-17.1121234553866
BUF,15,9,65,24,40,1,0,12,28,5,3,2,534,359,359,182,118,241,404,32.3969229403071,12,63,28,32,3,0,12,20,4,2,1,255,132,132,140,64,68,125,-8.33475512692091
BUF,16,10,71,31,40,0,0,10,30,5,1,4,474,344,344,130,142,202,397,26.7264634260957,9,48,24,21,3,0,12,9,1,1,0,201,78,78,145,46,32,176,-7.4010582546898
BUF,17,14,64,25,38,1,2,12,24,6,2,4,455,388,388,78,115,273,451,13.6324918193277,15,80,20,59,1,3,20,36,4,2,1,454,393,393,70,215,178,440,-12.6250911843605
CAR,1,10,65,30,34,1,0,12,22,3,2,1,388,269,269,129,137,132,279,6.96198653367498,9,61,31,30,0,0,8,22,4,3,1,372,239,239,133,158,81,166,15.0756779395264
CAR,2,12,71,24,42,5,2,7,33,2,2,0,427,367,367,87,149,218,309,-10.2921183104645,11,57,22,35,0,1,11,23,4,3,1,339,217,217,122,110,107,234,-1.12440805833993
CAR,3,10,51,21,28,2,0,6,22,1,0,1,302,235,235,81,136,99,138,-5.15475204939761,10,73,23,49,2,1,13,35,2,1,1,436,330,330,117,186,144,296,-7.92579008451441
CAR,4,10,72,35,37,0,1,10,26,4,2,2,444,276,276,168,173,103,228,18.0317328050461,9,55,23,31,1,0,7,24,3,0,3,262,133,133,129,63,70,213,4.37652384959802
CAR,5,9,63,27,36,0,0,9,27,2,0,2,437,313,313,124,178,135,218,15.1642438133685,9,62,24,37,2,1,15,21,1,1,0,373,226,226,166,84,142,284,3.41961447897212
CAR,6,10,62,29,29,4,2,11,16,1,1,0,303,216,216,112,75,141,260,-17.4686546275242,11,63,25,39,0,1,15,23,2,1,1,261,198,198,63,88,110,240,-2.59628762059144
CAR,7,6,43,14,28,1,0,5,23,3,1,2,283,254,254,37,158,96,186,12.7855251687071,7,66,29,37,1,0,7,30,3,1,2,415,287,287,138,138,149,177,13.91244009557
CAR,8,8,52,22,27,3,1,10,16,2,1,1,304,179,176,147,72,104,221,-2.61239606141569,9,68,36,30,2,1,8,21,2,2,0,401,281,281,131,90,191,258,13.4383042657528
CAR,9,9,75,24,50,2,0,13,37,4,2,2,435,338,335,104,196,139,280,24.1248737230963,9,57,11,45,2,0,15,30,4,0,4,397,372,372,36,137,235,407,14.35138376391
CAR,10,11,47,16,28,3,1,7,20,3,1,2,187,148,148,65,79,69,195,-10.4362221576585,11,77,37,39,1,0,11,28,5,2,3,544,341,341,210,168,173,324,27.4323902477256
CAR,11,11,70,34,35,1,2,9,24,2,1,1,374,258,258,116,123,135,235,-4.94435323543156,11,55,17,33,5,0,15,18,0,0,0,185,178,178,40,93,85,192,-20.4718651259389
CAR,12,9,63,28,36,0,1,16,19,1,0,1,374,267,267,107,135,132,303,2.42791393507046,11,70,24,45,2,0,11,34,5,0,3,387,307,307,96,78,229,366,-1.50042588841385
CAR,14,11,65,21,40,4,0,10,30,3,3,0,370,283,283,125,161,122,236,3.80896005995019,10,58,30,27,1,0,6,21,4,0,4,365,280,280,96,156,124,170,7.10275616045692
CAR,15,10,65,27,35,3,0,14,21,1,1,0,364,258,258,115,141,117,238,-1.28228762722469,11,61,27,29,5,0,9,20,3,2,1,291,143,143,195,106,37,123,2.78450183572878
CAR,16,12,67,35,28,4,1,8,19,2,1,1,280,197,197,113,66,131,290,-7.04583863657899,11,69,19,47,3,2,19,26,1,0,1,386,291,291,108,170,121,490,-9.48764215855604
CAR,17,11,60,20,37,3,5,14,18,1,1,0,320,271,271,74,46,225,502,-24.1238312530331,12,64,30,32,2,0,10,22,4,1,3,347,201,201,156,83,118,201,10.3278028888712
CHI,1,12,65,28,36,1,0,16,20,3,0,3,363,242,242,149,81,161,349,7.23818732849844,12,71,29,42,1,1,17,24,2,1,1,426,297,297,138,129,168,372,-1.00213374802836
CHI,2,9,64,32,28,4,2,8,18,2,0,2,304,190,190,135,71,119,239,-0.980402828860594,10,60,18,40,4,1,14,25,1,1,0,295,241,241,75,80,161,254,-6.41303406286804
CHI,3,14,78,25,51,2,2,20,29,4,0,4,437,316,316,130,152,164,532,0.728651744259112,14,65,25,38,2,1,18,19,3,2,1,371,238,238,144,77,161,423,-1.92261168706201
CHI,4,11,59,16,42,1,1,15,26,1,0,1,269,249,249,28,71,178,373,-9.93788058316699,11,68,38,29,1,0,13,16,1,0,1,289,190,190,103,73,117,230,-1.15236083738868
CHI,5,11,59,14,42,3,1,11,30,2,1,1,243,243,243,35,91,152,333,-8.95771112273665,11,64,20,41,3,0,16,25,1,0,1,339,253,253,106,100,153,383,-0.831128057525932
CHI,6,11,63,25,39,0,1,15,23,2,1,1,261,198,198,63,88,110,240,-2.59628762059144,10,62,29,29,4,2,11,16,1,1,0,303,216,216,112,75,141,260,-17.4686546275242
CHI,7,11,61,17,40,4,2,10,28,0,0,0,279,261,261,49,112,149,449,-23.4928909575129,13,68,34,33,1,0,10,23,4,1,2,371,220,220,160,120,100,268,-8.73730432680353
CHI,8,11,69,23,41,5,1,12,28,2,0,2,329,272,272,96,64,208,326,-5.55754180285621,13,72,30,41,1,0,10,31,2,0,2,394,280,280,122,169,111,190,4.62922000057764
CHI,9,13,75,20,52,3,0,16,36,3,0,2,375,335,335,56,137,198,320,-12.1591739544716,12,55,31,21,3,0,11,10,2,0,2,228,158,158,92,78,80,215,-6.39912097850112
CHI,10,10,49,17,31,2,1,14,16,0,0,0,149,124,124,41,59,65,231,-21.4444627736796,13,70,33,36,1,1,10,25,2,0,2,385,292,292,99,147,145,296,-2.36310501118329
CHI,12,9,65,16,46,3,2,18,26,4,0,3,350,242,242,121,94,148,400,1.48003114362237,9,68,39,29,0,0,8,21,5,1,4,393,211,211,182,122,89,244,19.2433639765368
CHI,13,11,67,31,34,2,0,8,26,4,3,1,389,267,267,140,150,117,212,6.19132059933109,12,66,22,42,2,1,14,27,5,2,3,460,402,402,60,68,334,571,14.6451124666492
CHI,14,11,59,23,33,3,0,9,24,4,1,3,410,267,267,169,190,77,144,15.4073810468781,11,64,27,30,7,0,9,21,1,0,1,263,219,219,108,122,97,197,-10.4007814815268
CHI,15,10,64,42,21,1,1,5,15,3,2,1,397,202,202,199,99,103,167,8.70837453150022,10,65,28,35,3,1,10,24,3,1,2,407,271,271,158,144,127,206,1.51772240756385
CHI,16,12,70,33,36,1,1,11,24,5,3,2,391,265,265,128,138,127,294,17.5151889273409,11,54,16,37,1,2,11,24,2,0,2,279,211,211,76,69,142,239,-6.94320626011107
CHI,17,9,74,31,42,1,1,8,33,1,1,0,356,252,252,108,123,129,261,-8.62064864252352,7,44,19,24,1,0,5,19,5,1,4,316,240,240,79,154,86,172,21.2069041824434
CIN,1,12,66,28,36,3,1,12,23,1,1,0,295,193,193,122,83,110,291,-14.8252344065013,13,71,39,30,2,0,14,16,1,1,0,362,208,208,155,80,128,335,-6.21882854469013
CIN,2,9,87,24,61,3,0,24,37,3,0,3,353,316,316,68,127,189,486,6.38297982812418,10,58,35,23,0,1,6,16,5,3,2,434,219,219,215,73,146,210,17.7546210279979
CIN,3,14,69,17,44,8,0,13,31,2,0,2,295,312,312,39,123,189,390,-0.121846539050719,13,86,36,47,3,2,16,29,2,1,1,378,225,225,172,104,121,353,-3.34543988342046
CIN,4,11,71,34,36,1,1,10,25,3,2,1,505,300,300,205,130,170,370,16.2997049600506,10,62,20,40,3,1,12,27,2,0,2,429,351,351,89,146,205,304,10.122805100699
CIN,5,12,65,28,30,7,1,10,19,1,0,0,205,183,183,70,85,98,220,-32.2882112270578,12,62,24,37,1,1,17,19,2,0,2,332,180,180,161,84,96,318,-4.22934487440005
CIN,6,11,73,32,39,2,1,13,25,3,3,0,398,313,313,98,130,183,344,14.5566617517389,11,60,15,44,1,1,14,29,4,1,3,430,371,371,59,174,197,340,12.837047692165
CIN,7,9,73,21,48,4,1,11,36,4,1,3,468,422,422,81,219,203,441,18.7311823444946,9,50,22,29,0,1,5,23,5,0,5,398,316,316,82,114,202,286,21.2408090465338
CIN,8,8,69,32,37,0,0,11,26,4,2,2,367,249,249,118,73,176,245,18.4312353314369,9,60,29,30,1,1,11,18,3,1,2,441,233,233,218,74,159,271,15.3270633249165
CIN,10,14,64,21,40,4,0,19,21,1,0,1,324,213,213,139,107,106,343,-13.5804644223181,14,66,20,46,0,0,19,27,4,0,4,377,333,319,44,138,181,431,4.32706089899134
CIN,11,12,66,18,44,4,1,18,25,1,0,1,272,233,233,70,89,144,421,-12.199156522024,12,61,34,25,2,1,7,17,2,1,1,325,166,166,164,97,69,143,-3.5997010508832
CIN,12,11,46,15,29,2,1,11,17,1,0,1,155,136,136,40,78,58,202,-17.3638815960574,12,80,42,38,0,0,16,22,1,1,0,386,244,244,142,57,187,323,0.616530607479613
CIN,13,10,50,17,27,6,2,8,17,1,0,1,196,193,193,40,155,38,162,-12.1617966306676,11,66,28,39,0,0,13,26,1,0,1,406,296,296,110,151,145,298,-0.800765749960497
CIN,14,9,70,30,38,2,0,10,28,2,0,1,309,222,222,101,145,77,153,-18.1338952992228,8,50,25,23,2,0,7,16,2,0,2,272,185,185,101,65,120,186,8.0566199815263
CIN,15,14,56,41,13,2,0,6,7,3,2,1,230,89,89,152,24,65,179,-6.37100674350278,14,62,23,38,1,1,17,20,2,1,1,244,170,170,86,105,65,307,-20.4226350303688
CIN,16,11,71,33,38,0,0,9,29,4,2,2,540,371,371,169,187,184,329,24.5227312662643,11,51,17,33,1,0,9,24,4,1,3,488,324,302,166,116,186,339,12.434617999499
CIN,17,11,40,19,21,0,2,13,6,0,0,0,195,48,48,147,33,15,155,-23.3739362067729,11,73,54,19,0,1,7,11,5,2,3,525,121,121,404,45,76,191,25.4826739748015
CLE,1,11,68,27,39,2,1,17,21,1,0,1,306,189,189,138,34,155,358,-16.4293415714336,11,58,30,26,2,0,5,21,5,2,3,381,284,284,111,77,207,257,11.6342701098362
CLE,2,10,58,35,23,0,1,6,16,5,3,2,434,219,219,215,73,146,210,17.7546210279979,9,87,24,61,3,0,24,37,3,0,3,353,316,316,68,127,189,486,6.38297982812418
CLE,3,11,62,37,23,2,0,7,16,4,2,2,300,156,156,158,66,90,189,4.57411593228554,12,62,22,37,3,3,13,21,3,1,2,309,224,224,103,145,79,245,-7.15545575565193
CLE,4,13,72,40,31,2,0,11,20,6,3,3,508,202,202,307,44,158,295,27.1000286742352,12,79,18,58,3,1,16,41,5,1,4,566,502,502,85,235,267,511,9.22992126102326
CLE,5,9,72,33,38,1,2,14,22,2,0,2,385,265,265,124,81,184,340,2.65446832107926,10,52,18,33,1,2,10,21,2,1,0,308,243,243,68,101,142,263,-2.27330811210952
CLE,6,12,54,22,28,4,2,11,15,2,0,1,220,165,165,75,86,79,144,-27.8055603547837,12,62,37,23,2,0,8,15,4,3,1,277,168,168,129,71,97,172,5.1106433303011
CLE,7,9,50,22,29,0,1,5,23,5,0,5,398,316,316,82,114,202,286,21.2408090465338,9,73,21,48,4,1,11,36,4,1,3,468,422,422,81,219,203,441,18.7311823444946
CLE,8,6,47,22,25,0,0,13,12,0,0,0,223,122,122,101,74,48,193,-1.36564779502976,7,70,45,24,2,0,9,15,1,0,1,309,111,111,209,60,51,140,9.91793875578751
CLE,10,8,62,41,20,1,0,8,12,1,1,0,356,132,132,231,55,77,165,-2.79779223624019,8,54,22,30,2,0,10,20,1,0,1,243,163,163,90,92,71,180,0.692595007007855
CLE,11,13,64,40,22,3,0,10,12,1,1,0,324,204,204,137,42,162,260,-13.1282878817068,13,65,25,35,5,2,12,21,3,0,2,315,235,235,106,105,130,244,-15.5197259688032
CLE,12,9,64,33,29,2,0,10,19,3,1,2,459,258,258,207,117,141,235,12.7770977689933,9,59,25,35,0,0,15,20,3,1,2,375,235,235,140,117,118,354,11.0179490000311
CLE,13,12,70,36,34,0,0,8,26,5,1,4,458,340,340,118,190,150,212,17.0690360096557,12,66,18,45,3,1,15,29,5,1,3,431,389,389,62,132,257,487,2.62118639925029
CLE,14,12,76,28,48,0,1,18,29,6,4,2,493,355,355,138,142,213,446,17.9750477823687,11,56,32,21,4,0,9,12,6,5,1,385,176,176,231,62,114,226,21.2890624094969
CLE,15,7,63,30,32,1,0,5,27,3,1,2,392,297,297,106,107,190,235,16.4707759629819,8,54,21,32,1,0,13,19,0,0,0,288,221,221,74,85,136,298,-3.29639302828516
CLE,16,13,73,18,53,4,0,25,28,2,2,0,299,285,285,45,120,165,412,-10.2430744712267,13,69,34,33,2,0,16,17,3,0,3,333,218,218,131,125,93,318,-1.1067459878099
CLE,17,10,62,31,27,4,0,10,17,3,2,1,358,196,196,192,60,136,258,8.62835966832346,9,65,20,44,1,1,17,26,2,0,2,394,317,317,85,108,209,418,8.30087341057722
DAL,1,10,69,27,39,3,0,14,25,2,1,1,380,266,266,136,114,152,283,-1.36874030933904,11,72,40,31,1,1,10,20,2,2,0,422,275,275,153,195,80,140,1.6936029748686
DAL,2,13,80,31,49,1,0,15,34,5,4,1,570,450,450,125,205,245,381,6.7622948563541,12,72,34,37,1,0,13,24,4,0,4,380,273,273,113,105,168,377,9.15381081029316
DAL,3,14,80,21,57,2,2,18,37,4,1,3,522,472,472,61,186,286,458,11.6874719820121,14,70,26,40,4,0,13,27,5,0,5,412,315,315,117,74,241,394,4.04133697159705
DAL,4,12,79,18,58,3,1,16,41,5,1,4,566,502,502,85,235,267,511,9.22992126102326,13,72,40,31,2,0,11,20,6,3,3,508,202,202,307,44,158,295,27.1000286742352
DAL,5,10,64,29,33,2,1,8,24,4,2,1,402,288,288,126,103,185,237,1.8694807697597,10,62,27,33,2,0,13,20,3,2,0,300,222,222,89,111,111,194,-0.899922010748066
DAL,6,11,84,27,54,3,2,18,34,1,0,1,344,266,266,97,153,113,301,-14.8381607738423,11,60,35,24,1,0,15,9,5,3,2,438,188,188,261,117,71,240,19.1368800762116
DAL,7,9,54,26,22,6,1,10,11,0,0,0,142,114,114,83,52,62,160,-16.1204588081084,10,66,39,25,2,0,10,15,3,1,2,397,194,194,208,70,124,197,8.2547389285608
DAL,8,12,78,35,40,4,0,19,21,1,0,0,265,180,180,133,120,60,313,-27.019778466643,11,58,26,28,4,2,10,16,2,0,2,222,132,132,119,32,100,304,-18.2852819958353
DAL,9,11,70,31,38,2,1,16,21,1,0,1,364,243,243,144,52,191,348,-8.99498267971402,11,63,18,45,0,0,14,31,3,0,3,355,309,309,46,185,124,328,2.50526719444685
DAL,11,11,64,31,32,1,1,9,22,4,1,3,376,203,203,180,80,123,206,5.52432960067375,10,61,29,30,2,0,8,22,4,1,3,430,314,314,125,136,178,262,5.41505877918098
DAL,12,11,57,18,35,4,1,9,25,2,0,1,247,215,215,60,72,143,209,-28.1638726531906,11,66,36,27,3,1,6,20,4,3,1,338,177,177,182,82,95,120,2.28134401282405
DAL,13,10,77,28,48,1,1,16,31,2,0,2,388,285,285,111,124,161,453,2.44450128790339,9,54,37,17,0,1,4,12,4,2,2,401,107,107,294,51,56,94,14.6716591329669
DAL,14,8,50,25,23,2,0,7,16,2,0,2,272,185,185,101,65,120,186,8.0566199815263,9,70,30,38,2,0,10,28,2,0,1,309,222,222,101,145,77,153,-18.1338952992228
DAL,15,13,58,22,34,2,0,14,20,4,2,2,291,221,221,87,148,73,206,0.262911938948368,14,81,36,43,2,2,15,26,4,1,3,458,319,319,150,120,199,334,6.85432198270269
DAL,16,13,66,34,30,2,1,7,22,4,1,3,513,377,377,151,225,152,238,10.243969595457,13,70,29,39,3,2,16,21,2,1,1,477,342,342,151,129,213,376,-4.73524353820254
DAL,17,12,80,27,47,6,1,17,29,1,1,0,307,244,244,108,126,118,258,-8.07703839581653,12,55,28,25,2,1,7,17,3,1,2,336,229,229,125,68,161,287,-1.44524572550171
DEN,1,11,59,26,33,0,0,11,22,2,1,1,323,216,216,107,133,83,303,-5.00688332249411,10,78,34,43,1,0,14,29,2,0,2,377,249,249,130,96,153,266,8.17215465594378
DEN,2,13,72,26,39,7,1,19,19,2,0,2,319,276,276,104,61,215,515,-14.6954601443933,14,64,22,41,1,1,11,29,3,1,2,410,311,311,109,168,143,233,-9.93728437296363
DEN,3,11,59,14,39,6,2,12,25,1,0,1,226,229,229,42,92,137,262,-16.252187008178,12,65,25,38,2,0,13,25,3,0,3,353,297,297,68,111,186,311,9.19952946687413
DEN,4,13,63,32,31,0,3,9,19,5,2,2,359,242,242,117,60,182,302,-2.08697217285232,11,74,24,44,6,0,19,25,1,1,0,321,246,246,129,68,178,439,-12.2458982709982
DEN,6,11,63,37,24,2,2,12,10,0,0,0,299,189,189,135,50,139,391,-8.0818069328677,11,56,25,27,4,2,6,19,1,1,0,288,195,195,117,136,59,147,-14.6198981404305
DEN,7,13,76,33,40,3,2,14,24,3,2,0,411,254,254,177,164,90,265,-19.188788512628,11,51,22,25,4,0,8,17,3,2,1,286,213,213,101,131,82,166,3.06260576954548
DEN,8,13,58,16,41,2,1,14,26,4,1,3,351,248,248,108,115,133,308,4.44106955456824,12,84,38,44,2,2,13,29,3,0,3,485,278,278,210,140,138,296,3.05636433762866
DEN,9,13,71,22,48,1,1,22,25,3,1,2,405,313,313,103,127,186,440,-2.362669827205,14,69,32,35,2,1,9,25,4,1,3,363,284,284,92,89,195,336,1.44912020646836
DEN,10,12,68,19,47,2,4,20,23,1,0,1,313,257,257,66,64,193,397,-20.9242436347083,13,66,41,25,0,0,9,16,4,4,0,357,154,154,203,64,90,219,6.36034001596861
DEN,11,11,63,33,30,0,1,11,18,2,2,0,459,270,270,189,140,130,341,-2.63395776769617,10,61,17,38,6,1,14,23,1,0,1,223,200,200,56,79,121,304,-9.97493521502235
DEN,12,12,43,33,9,1,2,6,1,0,0,0,112,13,13,100,16,-3,134,-30.9791021387188,12,63,44,16,3,1,6,9,4,4,0,292,78,78,229,46,32,105,3.03283336563435
DEN,13,9,61,33,28,0,2,11,15,2,0,2,330,151,151,179,74,77,234,6.59883280458065,10,63,22,40,1,0,15,25,1,0,1,447,318,318,134,152,166,378,9.50224723988278
DEN,14,10,58,30,27,1,0,6,21,4,0,4,365,280,280,96,156,124,170,7.10275616045692,11,65,21,40,4,0,10,30,3,3,0,370,283,283,125,161,122,236,3.80896005995019
DEN,15,12,63,28,32,3,0,12,20,4,2,1,255,132,132,140,64,68,125,-8.33475512692091,9,65,24,40,1,0,12,28,5,3,2,534,359,359,182,118,241,404,32.3969229403071
DEN,16,10,76,28,47,2,2,21,24,1,1,0,396,264,264,133,96,168,541,1.47461296630612,10,55,20,33,2,0,12,21,1,0,1,316,253,253,89,129,124,208,-1.18470632506939
DEN,17,14,75,32,41,2,0,16,25,3,1,2,446,339,339,122,216,123,293,-1.31623758272381,14,64,23,38,3,2,12,24,4,2,2,465,371,371,106,123,248,379,3.20852149801794
DET,1,12,71,29,42,1,1,17,24,2,1,1,426,297,297,138,129,168,372,-1.00213374802836,12,65,28,36,1,0,16,20,3,0,3,363,242,242,149,81,161,349,7.23818732849844
DET,2,11,58,21,33,4,1,12,20,4,1,2,307,244,244,89,138,106,257,-2.06254082077066,10,66,35,30,1,0,12,18,4,2,2,488,240,240,259,100,140,277,22.3177264983016
DET,3,10,62,27,31,4,0,9,22,2,0,2,322,270,270,90,151,119,220,1.98251604393786,10,63,27,35,1,3,9,23,3,1,2,377,270,270,109,119,151,332,-0.212294080178253
DET,4,9,56,22,31,3,1,13,17,4,1,3,281,206,206,90,75,131,325,2.64845391747076,9,69,42,25,2,1,5,19,5,3,2,392,246,246,164,90,156,233,17.2745078731095
DET,6,11,70,39,31,0,1,11,19,4,3,1,403,223,223,180,94,129,269,8.312749754649,11,61,16,44,1,1,18,25,2,1,1,275,243,243,44,112,131,417,-6.81394628241002
DET,7,10,55,21,36,2,0,11,25,2,1,1,386,340,340,64,80,260,337,6.51530496954037,9,70,26,42,2,0,11,31,3,2,1,388,338,338,66,103,235,283,4.54828692047158
DET,8,12,59,13,42,5,1,17,24,4,0,3,326,336,336,29,142,194,398,-12.6201239854528,11,75,39,34,2,0,11,23,5,2,3,366,262,262,119,143,119,224,11.6374496592325
DET,9,12,73,27,45,2,3,11,31,2,0,2,421,305,305,129,167,138,273,-7.00496168915782,11,55,34,20,1,0,7,13,5,2,3,487,220,220,275,114,106,217,15.2218715040945
DET,10,10,55,21,33,1,0,9,24,3,0,3,372,276,276,105,146,130,218,10.4403085075017,10,83,26,55,2,0,17,38,3,3,0,464,390,390,89,197,193,324,13.088968243082
DET,11,11,55,17,33,5,0,15,18,0,0,0,185,178,178,40,93,85,192,-20.4718651259389,11,70,34,35,1,2,9,24,2,1,1,374,258,258,116,123,135,235,-4.94435323543156
DET,12,12,76,29,43,4,1,14,28,4,2,1,388,295,295,109,162,133,348,-14.7950711198318,12,50,23,25,2,0,8,17,4,0,4,384,318,318,77,115,203,319,10.6828139854187
DET,13,12,66,22,42,2,1,14,27,5,2,3,460,402,402,60,68,334,571,14.6451124666492,11,67,31,34,2,0,8,26,4,3,1,389,267,267,140,150,117,212,6.19132059933109
DET,14,8,58,15,40,4,0,13,27,3,2,1,293,273,273,51,155,118,239,8.69990109655547,8,64,31,33,0,0,7,26,4,1,3,410,290,290,120,171,119,210,19.5686547539663
DET,15,9,65,27,38,0,1,10,27,3,2,1,430,307,307,123,112,195,353,8.64256070731403,10,66,38,27,1,0,6,21,6,3,3,463,273,273,195,131,142,246,30.5990858548661
DET,16,12,50,15,31,4,1,9,21,0,0,0,186,152,152,73,89,63,166,-29.5470478410134,13,70,26,42,2,0,11,31,7,1,6,588,491,491,111,162,329,467,24.7394347501845
DET,17,9,54,22,31,1,1,10,20,5,2,3,417,293,293,129,83,210,443,17.431505919275,11,74,31,40,3,0,12,28,5,2,3,508,405,405,125,210,195,271,19.3808211534387
GNB,1,10,76,32,44,0,0,12,32,5,1,4,522,364,364,158,155,209,391,23.5100873921861,10,49,22,25,2,1,5,19,4,2,2,382,259,259,134,72,187,267,12.9600120622839
GNB,2,10,66,35,30,1,0,12,18,4,2,2,488,240,240,259,100,140,277,22.3177264983016,11,58,21,33,4,1,12,20,4,1,2,307,244,244,89,138,106,257,-2.06254082077066
GNB,3,10,59,26,32,1,0,11,21,4,1,3,369,283,283,98,151,132,288,9.29927822878195,10,57,20,36,2,0,7,29,3,0,3,397,288,288,122,163,125,152,6.85088473479483
GNB,4,9,60,26,33,1,0,6,27,4,0,4,403,327,327,88,173,154,285,16.9657940604775,9,68,25,39,4,0,11,28,2,2,0,327,285,285,78,111,174,369,2.61232456193011
GNB,6,12,61,21,35,5,2,17,16,2,1,0,201,160,160,94,81,79,298,-18.248785998928,11,63,35,28,0,0,11,17,4,2,2,324,166,166,158,72,94,231,3.29159127735631
GNB,7,11,61,27,34,0,0,11,23,5,1,4,379,283,283,96,167,116,233,17.3138392318506,12,64,22,39,3,0,10,29,2,0,2,365,309,309,79,133,176,248,-1.44240609116403
GNB,8,8,65,24,41,1,0,14,27,3,0,3,400,291,291,109,125,166,334,11.5004918146878,7,49,34,14,1,0,3,11,4,3,1,324,160,160,173,131,29,25,18.8787446902716
GNB,9,11,63,31,31,1,0,6,25,4,0,4,405,305,305,111,131,174,229,17.673942271157,10,53,17,35,1,1,12,22,2,1,1,337,291,291,55,197,94,224,-3.86743061587318
GNB,10,13,60,25,34,1,1,9,24,3,1,2,395,325,325,80,237,88,212,-3.97802235167831,11,61,23,35,3,1,16,18,1,0,1,260,169,169,109,92,77,207,-11.896236436854
GNB,11,12,55,18,38,1,1,10,27,4,1,3,367,311,311,66,134,177,297,-3.08973995090824,13,74,37,36,1,1,11,24,3,0,3,420,288,288,140,164,124,263,0.711216692009655
GNB,12,9,68,39,29,0,0,8,21,5,1,4,393,211,211,182,122,89,244,19.2433639765368,9,65,16,46,3,2,18,26,4,0,3,350,242,242,121,94,148,400,1.48003114362237
GNB,13,10,61,25,34,2,0,9,25,4,1,3,437,295,295,149,133,162,364,18.2948422157837,9,59,25,27,7,1,15,11,1,0,1,278,188,188,117,35,153,269,-6.1698516776464
GNB,14,8,64,31,33,0,0,7,26,4,1,3,410,290,290,120,171,119,210,19.5686547539663,8,58,15,40,4,0,13,27,3,2,1,293,273,273,51,155,118,239,8.69990109655547
GNB,15,11,61,27,29,5,0,9,20,3,2,1,291,143,143,195,106,37,123,2.78450183572878,10,65,27,35,3,0,14,21,1,1,0,364,258,258,115,141,117,238,-1.28228762722469
GNB,16,10,63,37,25,1,1,3,21,6,2,4,448,231,231,234,108,123,178,21.3038258685556,9,55,27,26,2,2,13,11,2,1,1,260,121,121,156,38,83,212,-5.92593287338968
GNB,17,7,44,19,24,1,0,5,19,5,1,4,316,240,240,79,154,86,172,21.2069041824434,9,74,31,42,1,1,8,33,1,1,0,356,252,252,108,123,129,261,-8.62064864252352
HOU,1,9,58,22,32,4,1,11,20,3,2,1,360,253,253,118,132,121,283,9.78399233206762,9,67,34,32,1,0,8,24,4,1,3,369,211,211,166,133,78,147,14.3226077463646
HOU,2,10,56,17,36,4,1,10,25,2,0,1,304,275,275,51,112,163,283,-11.2367893349799,9,65,37,24,4,0,6,18,2,1,1,407,204,204,230,103,101,190,10.3126675429742
HOU,3,10,47,15,27,5,1,7,19,3,1,2,260,264,264,29,82,182,285,2.06127261323854,11,76,38,36,2,0,13,23,3,1,2,387,237,237,169,140,97,323,4.91600769985419
HOU,4,10,62,26,33,3,0,13,20,2,0,2,386,300,300,96,102,198,300,1.51803419893888,12,65,40,22,3,0,6,16,4,3,1,410,260,260,162,94,166,276,16.0566877560845
HOU,5,10,58,22,35,1,2,8,25,3,0,3,486,359,359,129,136,223,366,11.6454923381779,10,73,20,49,4,0,18,31,2,0,2,364,301,301,75,158,143,295,-3.81160100136015
HOU,6,10,66,27,38,2,0,10,28,5,1,4,412,335,335,92,112,223,334,19.9477509592883,11,70,27,41,2,1,10,30,6,2,4,607,366,366,263,158,208,309,28.2019176663246
HOU,7,12,64,22,39,3,0,10,29,2,0,2,365,309,309,79,133,176,248,-1.44240609116403,11,61,27,34,0,0,11,23,5,1,4,379,283,283,96,167,116,233,17.3138392318506
HOU,9,12,62,28,32,2,0,13,19,3,1,2,374,281,281,107,194,87,291,4.4695526333952,12,67,27,38,2,1,11,26,3,2,1,403,304,304,115,135,169,323,1.52940363416473
HOU,10,8,54,22,30,2,0,10,20,1,0,1,243,163,163,90,92,71,180,0.692595007007855,8,62,41,20,1,0,8,12,1,1,0,356,132,132,231,55,77,165,-2.79779223624019
HOU,11,9,56,19,37,0,0,9,28,3,1,2,399,344,344,55,167,177,314,15.9349056659096,10,66,24,40,2,0,14,26,2,1,1,435,365,365,86,193,172,239,10.6442432842319
HOU,12,12,50,23,25,2,0,8,17,4,0,4,384,318,318,77,115,203,319,10.6828139854187,12,76,29,43,4,1,14,28,4,2,1,388,295,295,109,162,133,348,-14.7950711198318
HOU,13,11,62,19,38,5,1,11,26,2,2,0,398,341,341,90,106,235,394,-1.51544786768375,12,67,29,35,3,0,8,27,3,1,2,371,285,285,109,161,124,189,5.7721082585025
HOU,14,11,64,27,30,7,0,9,21,1,0,1,263,219,219,108,122,97,197,-10.4007814815268,11,59,23,33,3,0,9,24,4,1,3,410,267,267,169,190,77,144,15.4073810468781
HOU,15,8,67,21,41,5,0,8,33,2,0,2,425,373,373,83,140,233,313,10.1721426435323,8,53,23,29,1,0,7,22,3,1,2,350,228,228,127,103,125,199,14.77840715211
HOU,16,11,51,17,33,1,0,9,24,4,1,3,488,324,302,166,116,186,339,12.434617999499,11,71,33,38,0,0,9,29,4,2,2,540,371,371,169,187,184,329,24.5227312662643
HOU,17,10,61,17,40,4,1,10,29,4,1,3,457,385,385,96,95,290,416,16.361848181433,11,70,41,27,2,0,9,18,5,4,1,492,216,216,288,62,154,306,19.8104656369693
IND,1,9,69,22,46,1,2,8,36,2,1,1,445,363,363,88,212,151,289,1.77861682832262,9,47,23,20,4,0,1,19,3,0,3,241,173,173,91,98,75,89,6.15406756103829
IND,2,10,67,40,25,2,1,5,19,2,1,1,354,214,214,151,108,106,219,-0.247046007895931,10,46,18,26,3,3,12,11,1,1,0,175,113,113,80,19,94,312,-14.4085986342093
IND,3,10,56,31,25,0,0,6,19,2,1,1,353,234,234,119,119,115,143,3.39923470039312,11,60,29,29,2,3,9,17,3,0,1,260,168,168,109,122,46,182,-25.4692773325369
IND,4,11,68,38,29,1,0,13,16,1,0,1,289,190,190,103,73,117,230,-1.15236083738868,11,59,16,42,1,1,15,26,1,0,1,269,249,249,28,71,178,373,-9.93788058316699
IND,5,10,52,18,33,1,2,10,21,2,1,0,308,243,243,68,101,142,263,-2.27330811210952,9,72,33,38,1,2,14,22,2,0,2,385,265,265,124,81,184,340,2.65446832107926
IND,6,11,60,15,44,1,1,14,29,4,1,3,430,371,371,59,174,197,340,12.837047692165,11,73,32,39,2,1,13,25,3,3,0,398,313,313,98,130,183,344,14.5566617517389
IND,8,11,75,39,34,2,0,11,23,5,2,3,366,262,262,119,143,119,224,11.6374496592325,12,59,13,42,5,1,17,24,4,0,3,326,336,336,29,142,194,398,-12.6201239854528
IND,9,12,63,21,44,0,1,18,25,2,1,0,339,227,227,112,169,58,270,-23.4127073568937,10,63,38,23,2,0,4,19,2,2,0,266,170,170,110,104,66,86,-0.0194618788922933
IND,10,8,68,29,39,1,0,10,29,3,2,1,430,308,308,133,205,103,192,13.9660994874772,9,60,32,27,1,0,12,15,2,1,1,294,147,147,157,76,71,197,-3.90883987775479
IND,11,13,74,37,36,1,1,11,24,3,0,3,420,288,288,140,164,124,263,0.711216692009655,12,55,18,38,1,1,10,27,4,1,3,367,311,311,66,134,177,297,-3.08973995090824
IND,12,12,67,21,44,2,1,19,24,4,2,2,336,295,295,56,164,131,339,0.982084424904315,11,68,45,22,1,0,9,13,5,4,1,449,221,221,229,118,103,153,17.7392766704725
IND,13,12,67,29,35,3,0,8,27,3,1,2,371,285,285,109,161,124,189,5.7721082585025,11,62,19,38,5,1,11,26,2,2,0,398,341,341,90,106,235,394,-1.51544786768375
IND,14,9,59,31,28,0,0,9,19,4,2,2,456,244,244,212,105,139,255,22.4589123468512,9,68,22,46,0,2,12,32,4,1,2,424,345,345,79,159,186,325,0.194323665616431
IND,15,8,53,23,29,1,0,7,22,3,1,2,350,228,228,127,103,125,199,14.77840715211,8,67,21,41,5,0,8,33,2,0,2,425,373,373,83,140,233,313,10.1721426435323
IND,16,12,67,28,34,5,1,12,21,3,2,1,365,270,270,127,131,139,379,0.210309091722593,13,64,14,49,1,0,15,34,4,1,3,354,341,341,22,134,207,345,-0.523962571809534
IND,17,13,64,37,27,0,1,9,17,3,2,1,437,164,164,273,117,47,167,4.78440303152916,12,65,17,42,6,0,16,26,2,0,2,283,261,261,53,85,176,295,-16.8571501239203
JAC,1,9,47,23,20,4,0,1,19,3,0,3,241,173,173,91,98,75,89,6.15406756103829,9,69,22,46,1,2,8,36,2,1,1,445,363,363,88,212,151,289,1.77861682832262
JAC,2,9,74,27,45,2,2,13,30,4,1,3,480,339,339,165,96,243,393,18.8272862356315,10,59,34,24,1,0,6,18,4,0,4,354,239,239,123,89,150,191,13.7949375807395
JAC,3,10,63,17,42,4,1,11,30,2,2,0,318,275,275,72,161,114,313,-10.0294935613929,10,57,36,20,1,0,2,18,4,2,2,294,160,160,138,46,114,144,9.9681332360783
JAC,4,10,62,20,40,3,1,12,27,2,0,2,429,351,351,89,146,205,304,10.122805100699,11,71,34,36,1,1,10,25,3,2,1,505,300,300,205,130,170,370,16.2997049600506
JAC,5,10,73,20,49,4,0,18,31,2,0,2,364,301,301,75,158,143,295,-3.81160100136015,10,58,22,35,1,2,8,25,3,0,3,486,359,359,129,136,223,366,11.6454923381779
JAC,6,11,61,16,44,1,1,18,25,2,1,1,275,243,243,44,112,131,417,-6.81394628241002,11,70,39,31,0,1,11,19,4,3,1,403,223,223,180,94,129,269,8.312749754649
JAC,7,11,59,27,27,5,0,13,14,3,1,2,294,173,173,140,68,105,252,-5.84420060837874,14,77,32,44,1,0,16,28,5,2,3,484,351,351,135,199,152,383,11.3741473920416
JAC,9,12,67,27,38,2,1,11,26,3,2,1,403,304,304,115,135,169,323,1.52940363416473,12,62,28,32,2,0,13,19,3,1,2,374,281,281,107,194,87,291,4.4695526333952
JAC,10,11,61,23,35,3,1,16,18,1,0,1,260,169,169,109,92,77,207,-11.896236436854,13,60,25,34,1,1,9,24,3,1,2,395,325,325,80,237,88,212,-3.97802235167831
JAC,11,12,56,17,37,2,4,17,16,0,0,0,206,151,151,73,59,92,335,-24.6795051177683,13,73,27,46,0,1,13,32,3,1,2,373,267,267,106,111,156,372,2.4483844425567
JAC,12,9,59,25,35,0,0,15,20,3,1,2,375,235,235,140,117,118,354,11.0179490000311,9,64,33,29,2,0,10,19,3,1,2,459,258,258,207,117,141,235,12.7770977689933
JAC,13,14,68,25,42,2,2,12,28,2,1,1,390,280,280,124,92,188,351,-6.71149809743941,16,85,38,43,4,1,14,28,4,0,3,420,305,305,145,147,158,328,-9.89228524081699
JAC,14,11,69,15,54,0,1,22,31,1,0,1,354,263,263,91,129,134,455,-8.91819694672305,11,65,40,24,1,0,5,19,4,2,2,454,212,212,249,73,139,197,13.1596633393649
JAC,15,9,56,22,29,5,0,7,22,2,0,2,267,226,226,62,90,136,225,-1.78343417186989,10,64,37,26,1,1,6,19,5,2,3,409,250,250,159,97,153,254,18.2342217007629
JAC,16,11,54,16,37,1,2,11,24,2,0,2,279,211,211,76,69,142,239,-6.94320626011107,12,70,33,36,1,1,11,24,5,3,2,391,265,265,128,138,127,294,17.5151889273409
JAC,17,12,65,17,42,6,0,16,26,2,0,2,283,261,261,53,85,176,295,-16.8571501239203,13,64,37,27,0,1,9,17,3,2,1,437,164,164,273,117,47,167,4.78440303152916
KAN,1,9,67,34,32,1,0,8,24,4,1,3,369,211,211,166,133,78,147,14.3226077463646,9,58,22,32,4,1,11,20,3,2,1,360,253,253,118,132,121,283,9.78399233206762
KAN,2,10,70,22,47,1,0,20,27,2,0,2,414,302,302,125,116,186,339,7.33753040920926,10,78,44,33,2,1,10,22,2,1,1,479,311,311,183,185,126,283,3.08763541555811
KAN,3,10,73,31,42,0,0,11,31,5,1,4,517,385,385,132,178,207,346,23.5058193389957,10,53,21,28,4,0,13,15,1,0,1,228,97,97,158,32,65,260,-6.15219770387355
KAN,4,10,55,25,29,1,0,10,19,2,0,2,323,236,236,94,152,84,235,2.85534336928427,11,74,35,37,2,3,14,20,2,0,1,357,190,190,185,87,103,296,-15.606473790926
KAN,5,11,66,20,43,3,1,20,22,4,2,2,413,340,340,80,161,179,440,10.0159531583186,12,67,35,31,1,1,8,22,5,2,3,490,347,347,144,181,166,271,18.9194682611245
KAN,6,9,73,46,26,1,0,5,21,3,1,2,466,225,225,245,104,121,161,21.9535285896053,9,50,23,27,0,1,12,14,2,0,2,206,122,122,84,46,76,272,-1.36880485598494
KAN,7,11,51,22,25,4,0,8,17,3,2,1,286,213,213,101,131,82,166,3.06260576954548,13,76,33,40,3,2,14,24,3,2,0,411,254,254,177,164,90,265,-19.188788512628
KAN,8,10,67,20,47,0,0,12,35,5,0,5,496,446,446,50,213,233,403,19.8689796125982,11,55,25,30,1,0,12,18,0,0,0,221,133,133,93,74,59,193,-13.3308199959849
KAN,9,9,57,11,45,2,0,15,30,4,0,4,397,372,372,36,137,235,407,14.35138376391,9,75,24,50,2,0,13,37,4,2,2,435,338,335,104,196,139,280,24.1248737230963
KAN,11,9,73,27,46,0,1,10,35,5,3,2,460,352,352,108,138,214,349,23.7988063131925,9,57,26,31,0,1,7,23,4,1,3,364,275,275,89,155,120,237,13.4970772654496
KAN,12,11,72,20,50,2,0,13,37,3,0,3,543,462,462,87,156,306,486,17.504607604342,11,55,13,41,1,2,12,27,3,0,3,417,345,345,75,141,204,392,8.00276279963203
KAN,13,10,63,22,40,1,0,15,25,1,0,1,447,318,318,134,152,166,378,9.50224723988278,9,61,33,28,0,2,11,15,2,0,2,330,151,151,179,74,77,234,6.59883280458065
KAN,14,13,61,24,34,3,3,7,24,3,1,2,448,393,393,94,205,188,318,0.527606920679674,14,76,24,49,4,1,20,28,3,1,2,367,316,316,80,110,206,466,-0.663622239702194
KAN,15,13,92,41,47,4,0,21,26,4,1,3,411,254,254,179,128,126,422,1.99071089524393,13,52,17,34,1,1,18,15,4,1,3,285,234,234,60,139,95,272,-6.1176975913113
KAN,16,10,66,21,45,0,2,19,24,2,0,2,395,278,278,117,170,108,352,0.831470134288203,10,62,23,35,4,0,8,27,2,0,2,367,300,300,90,145,155,233,3.44780511220495
KAN,17,8,50,17,32,1,0,9,23,3,1,2,268,218,218,51,181,37,147,8.31347042019479,9,69,35,31,3,0,9,22,5,2,3,416,302,302,135,173,129,243,16.3901911331632
LAC,1,13,71,39,30,2,0,14,16,1,1,0,362,208,208,155,80,128,335,-6.21882854469013,12,66,28,36,3,1,12,23,1,1,0,295,193,193,122,83,110,291,-14.8252344065013
LAC,2,10,78,44,33,2,1,10,22,2,1,1,479,311,311,183,185,126,283,3.08763541555811,10,70,22,47,1,0,20,27,2,0,2,414,302,302,125,116,186,339,7.33753040920926
LAC,3,10,73,23,49,2,1,13,35,2,1,1,436,330,330,117,186,144,296,-7.92579008451441,10,51,21,28,2,0,6,22,1,0,1,302,235,235,81,136,99,138,-5.15475204939761
LAC,4,11,50,23,25,2,1,4,20,3,0,3,324,290,290,46,161,129,193,5.87063287713512,12,73,27,46,0,1,15,30,6,0,5,484,369,369,115,109,260,431,11.016513840862
LAC,5,14,68,32,33,3,0,14,19,4,0,4,345,259,259,111,98,161,379,0.679783244683818,13,75,25,48,2,1,14,33,3,2,1,408,325,325,95,100,225,327,-2.98069205617314
LAC,7,14,77,32,44,1,0,16,28,5,2,3,484,351,351,135,199,152,383,11.3741473920416,11,59,27,27,5,0,13,14,3,1,2,294,173,173,140,68,105,252,-5.84420060837874
LAC,8,12,84,38,44,2,2,13,29,3,0,3,485,278,278,210,140,138,296,3.05636433762866,13,58,16,41,2,1,14,26,4,1,3,351,248,248,108,115,133,308,4.44106955456824
LAC,9,9,74,31,42,2,0,14,28,3,1,2,440,326,326,128,131,195,309,9.81290638420853,10,50,26,23,1,0,10,13,4,2,2,320,165,165,160,56,109,281,8.99997957664822
LAC,10,11,63,29,32,2,1,11,20,3,1,2,273,187,187,99,132,55,229,-2.35125801002141,11,57,32,25,0,0,10,15,3,1,2,280,169,169,111,44,125,266,-2.63790816646929
LAC,11,10,78,26,49,3,0,12,37,3,0,3,376,366,366,29,170,196,328,3.29228516614839,10,55,24,30,1,1,14,15,5,2,2,292,205,205,96,44,161,384,-2.29754061199492
LAC,12,12,79,24,52,3,1,20,31,2,1,1,367,316,316,76,150,166,312,-6.33759760938589,12,58,30,25,3,1,5,19,3,1,2,332,177,177,172,74,103,106,-2.09553770141927
LAC,13,11,70,15,53,3,2,25,26,0,0,0,258,209,209,70,129,80,324,-26.3004576223477,10,66,43,22,1,0,8,14,4,2,2,291,130,130,165,76,54,154,1.68696541304988
LAC,14,9,71,26,44,1,1,7,36,2,0,2,345,243,243,105,145,98,241,3.63537556851873,8,55,20,33,2,3,8,22,2,0,2,319,263,263,70,111,152,327,0.34413482779796
LAC,15,9,62,29,32,1,0,10,22,4,2,2,402,314,314,96,91,223,359,15.3822413090638,10,74,41,33,1,1,12,20,3,2,1,449,279,279,173,103,176,310,8.99587728217695
LAC,16,10,55,20,33,2,0,12,21,1,0,1,316,253,253,89,129,124,208,-1.18470632506939,10,76,28,47,2,2,21,24,1,1,0,396,264,264,133,96,168,541,1.47461296630612
LAC,17,9,69,35,31,3,0,9,22,5,2,3,416,302,302,135,173,129,243,16.3901911331632,8,50,17,32,1,0,9,23,3,1,2,268,218,218,51,181,37,147,8.31347042019479
LAR,1,11,72,40,31,1,1,10,20,2,2,0,422,275,275,153,195,80,140,1.6936029748686,10,69,27,39,3,0,14,25,2,1,1,380,266,266,136,114,152,283,-1.36874030933904
LAR,2,10,67,39,27,1,0,7,20,5,2,3,449,267,267,191,109,158,221,25.7395186623969,10,69,26,43,0,2,15,26,2,2,0,363,242,242,121,111,131,281,-5.53622275509683
LAR,3,10,66,32,32,2,1,8,23,4,2,2,478,321,321,167,154,167,185,21.187336491602,9,58,21,33,4,1,8,24,5,1,4,375,311,311,101,140,171,307,11.3121776638145
LAR,4,10,57,23,32,2,0,7,25,2,1,1,240,200,200,58,118,82,196,-5.41706267596196,10,66,25,36,5,1,12,23,0,0,0,295,190,190,136,118,72,209,-11.6070724516497
LAR,5,13,66,35,30,1,1,8,21,4,2,2,429,309,309,129,192,117,188,6.75200297429064,13,52,14,30,8,0,12,18,1,1,0,108,111,111,38,102,9,139,-22.8925733925368
LAR,6,10,57,19,38,0,1,18,19,2,0,2,311,198,194,113,51,143,455,1.06432640062545,11,70,37,33,0,0,10,23,3,0,3,390,268,268,122,223,45,145,7.76758744766241
LAR,7,13,68,34,33,1,0,10,23,4,1,2,371,220,220,160,120,100,268,-8.73730432680353,11,61,17,40,4,2,10,28,0,0,0,279,261,261,49,112,149,449,-23.4928909575129
LAR,8,16,91,29,61,2,2,24,35,3,1,1,471,355,355,131,200,155,365,-23.2816674210489,14,48,25,22,1,0,10,12,2,1,1,145,93,93,55,47,46,118,-23.1835270414886
LAR,10,10,69,29,37,3,0,10,27,3,3,0,389,302,302,106,162,140,277,4.25814868322099,10,65,22,37,6,2,13,22,1,1,0,333,248,248,113,143,105,367,-11.967824542338
LAR,11,13,70,20,51,0,2,10,39,3,0,3,413,376,376,37,200,176,265,1.49528747907176,12,67,18,48,1,2,20,26,3,1,2,251,216,216,42,83,133,420,-13.5034912369292
LAR,12,15,61,28,31,2,2,10,19,2,1,0,308,198,198,126,125,73,256,-28.5097990275099,15,70,33,35,2,1,10,24,2,1,0,345,252,252,112,175,77,172,-22.087765133028
LAR,13,11,79,31,47,1,0,10,37,4,3,1,463,351,351,119,256,95,167,13.3313352985731,12,61,21,39,2,1,17,21,5,1,3,232,173,173,92,87,86,240,-11.344455347202
LAR,14,11,62,36,25,1,1,8,16,2,1,1,318,137,137,186,74,63,114,-1.76151837366736,12,59,29,23,6,1,8,14,1,0,0,220,146,146,107,50,96,142,-31.8721788535978
LAR,15,11,56,19,34,3,1,11,22,2,0,2,303,209,209,114,114,95,199,-14.786544826499,11,64,31,31,2,0,9,22,2,1,1,289,207,207,93,119,88,143,-1.39798651427289
LAR,16,10,75,29,43,3,1,18,24,0,0,0,334,234,234,118,78,156,283,-10.0790126684489,11,60,24,32,5,0,12,20,2,1,1,292,225,225,95,82,143,318,-1.02585024830289
LAR,17,10,70,30,38,2,1,15,22,0,0,0,333,231,231,110,93,138,358,-9.62131525732646,12,49,18,27,4,1,7,19,2,0,1,214,192,192,48,144,48,213,-15.2966562221148
LVR,1,9,61,31,30,0,0,8,22,4,3,1,372,239,239,133,158,81,166,15.0756779395264,10,65,30,34,1,0,12,22,3,2,1,388,269,269,129,137,132,279,6.96198653367498
LVR,2,9,76,35,38,3,0,10,28,4,1,3,377,284,284,116,147,137,265,8.81366499221312,9,57,19,38,0,1,11,26,3,2,1,424,312,312,112,213,99,196,10.2065857194792
LVR,3,11,56,22,32,2,0,8,24,3,0,2,375,261,261,126,115,146,247,-4.19188766713568,11,68,38,28,2,1,10,17,3,2,1,406,162,162,250,126,36,129,7.16110209839547
LVR,4,9,68,23,44,2,0,12,32,2,0,2,383,311,311,86,138,173,267,-1.90678613588798,10,59,24,34,1,0,10,24,4,2,2,337,288,288,63,77,211,229,13.5090845696318
LVR,5,12,67,35,31,1,1,8,22,5,2,3,490,347,347,144,181,166,271,18.9194682611245,11,66,20,43,3,1,20,22,4,2,2,413,340,340,80,161,179,440,10.0159531583186
LVR,7,11,63,24,36,3,1,11,24,2,0,2,347,284,284,76,137,147,315,-6.76420672713412,10,68,25,45,0,0,12,33,6,2,4,454,369,369,85,134,235,399,23.8104342650284
LVR,8,7,70,45,24,2,0,9,15,1,0,1,309,111,111,209,60,51,140,9.91793875578751,6,47,22,25,0,0,13,12,0,0,0,223,122,122,101,74,48,193,-1.36564779502976
LVR,9,10,50,26,23,1,0,10,13,4,2,2,320,165,165,160,56,109,281,8.99997957664822,9,74,31,42,2,0,14,28,3,1,2,440,326,326,128,131,195,309,9.81290638420853
LVR,10,13,66,41,25,0,0,9,16,4,4,0,357,154,154,203,64,90,219,6.36034001596861,12,68,19,47,2,4,20,23,1,0,1,313,257,257,66,64,193,397,-20.9242436347083
LVR,11,9,57,26,31,0,1,7,23,4,1,3,364,275,275,89,155,120,237,13.4970772654496,9,73,27,46,0,1,10,35,5,3,2,460,352,352,108,138,214,349,23.7988063131925
LVR,12,13,58,14,39,5,1,13,25,1,0,0,243,240,240,40,141,99,253,-41.9345378355915,13,72,32,39,1,1,16,22,3,1,2,304,185,185,125,100,85,221,-5.82822560384062
LVR,13,12,73,25,47,2,1,18,28,4,1,3,440,381,381,72,170,211,499,2.72980458803669,12,60,34,23,3,1,8,14,4,2,2,376,186,186,206,116,70,201,5.03074372705305
LVR,14,9,68,22,46,0,2,12,32,4,1,2,424,345,345,79,159,186,325,0.194323665616431,9,59,31,28,0,0,9,19,4,2,2,456,244,244,212,105,139,255,22.4589123468512
LVR,15,10,74,41,33,1,1,12,20,3,2,1,449,279,279,173,103,176,310,8.99587728217695,9,62,29,32,1,0,10,22,4,2,2,402,314,314,96,91,223,359,15.3822413090638
LVR,16,11,60,24,34,3,0,13,21,2,1,1,418,336,336,104,149,187,318,-1.64726876634375,12,63,25,35,3,0,9,26,2,0,2,383,276,276,130,138,138,233,6.97314131691472
LVR,17,14,64,23,38,3,2,12,24,4,2,2,465,371,371,106,123,248,379,3.20852149801794,14,75,32,41,2,0,16,25,3,1,2,446,339,339,122,216,123,293,-1.31623758272381
MIA,1,9,58,27,30,1,3,7,20,1,1,0,269,191,191,87,59,132,251,-11.0515667284151,9,63,42,19,2,0,4,15,3,3,0,357,155,155,217,88,67,101,10.1845417748055
MIA,2,11,71,22,47,3,0,16,31,3,1,2,410,328,328,99,121,207,313,10.2740004207938,11,59,23,35,1,0,11,24,4,0,4,523,415,415,112,154,261,362,21.034442621141
MIA,3,10,57,36,20,1,0,2,18,4,2,2,294,160,160,138,46,114,144,9.9681332360783,10,63,17,42,4,1,11,30,2,2,0,318,275,275,72,161,114,313,-10.0294935613929
MIA,4,9,69,22,45,1,2,14,29,1,1,0,415,315,315,103,139,176,341,3.5073298531316,10,62,26,34,2,1,9,24,4,2,2,441,360,360,98,168,192,305,12.428946404761
MIA,5,12,63,33,28,2,0,6,22,4,1,3,436,350,350,94,141,209,268,16.695356219608,11,59,19,35,5,2,17,16,2,1,1,259,171,171,131,93,78,316,-17.9315514086924
MIA,6,14,56,25,29,2,2,7,20,3,0,3,302,200,200,110,115,85,220,-4.14765052245041,14,69,22,44,3,1,22,21,0,0,0,263,186,186,115,98,88,396,-22.5138312031056
MIA,8,14,48,25,22,1,0,10,12,2,1,1,145,93,93,55,47,46,118,-23.1835270414886,16,91,29,61,2,2,24,35,3,1,1,471,355,355,131,200,155,365,-23.2816674210489
MIA,9,9,55,25,28,3,0,8,20,3,1,2,312,248,248,91,68,180,229,8.33040935191657,9,64,37,26,1,0,5,21,5,1,3,442,283,283,178,52,231,250,9.69111603168854
MIA,10,11,57,32,25,0,0,10,15,3,1,2,280,169,169,111,44,125,266,-2.63790816646929,11,63,29,32,2,1,11,20,3,1,2,273,187,187,99,132,55,229,-2.35125801002141
MIA,11,10,61,17,38,6,1,14,23,1,0,1,223,200,200,56,79,121,304,-9.97493521502235,11,63,33,30,0,1,11,18,2,2,0,459,270,270,189,140,130,341,-2.63395776769617
MIA,12,11,68,25,39,4,0,15,24,2,0,2,345,257,257,104,104,153,275,-7.91748779269711,11,53,23,27,3,2,9,16,0,0,0,260,197,197,87,79,118,317,-18.154450616993
MIA,13,11,66,28,39,0,0,13,26,1,0,1,406,296,296,110,151,145,298,-0.800765749960497,10,50,17,27,6,2,8,17,1,0,1,196,193,193,40,155,38,162,-12.1617966306676
MIA,14,14,76,24,49,4,1,20,28,3,1,2,367,316,316,80,110,206,466,-0.663622239702194,13,61,24,34,3,3,7,24,3,1,2,448,393,393,94,205,188,318,0.527606920679674
MIA,15,9,70,42,26,2,1,5,20,3,3,0,383,145,145,250,77,68,98,12.5292002762819,8,52,22,27,3,0,10,17,0,0,0,303,209,209,117,87,122,227,-5.15618597748311
MIA,16,12,63,25,35,3,0,9,26,2,0,2,383,276,276,130,138,138,233,6.97314131691472,11,60,24,34,3,0,13,21,2,1,1,418,336,336,104,149,187,318,-1.64726876634375
MIA,17,15,80,20,59,1,3,20,36,4,2,1,454,393,393,70,215,178,440,-12.6250911843605,14,64,25,38,1,2,12,24,6,2,4,455,388,388,78,115,273,451,13.6324918193277
MIN,1,10,49,22,25,2,1,5,19,4,2,2,382,259,259,134,72,187,267,12.9600120622839,10,76,32,44,0,0,12,32,5,1,4,522,364,364,158,155,209,391,23.5100873921861
MIN,2,10,46,18,26,3,3,12,11,1,1,0,175,113,113,80,19,94,312,-14.4085986342093,10,67,40,25,2,1,5,19,2,1,1,354,214,214,151,108,106,219,-0.247046007895931
MIN,3,13,62,33,27,2,2,9,16,4,1,3,464,251,251,226,121,130,237,3.68119181987083,13,73,34,37,2,1,13,23,2,2,0,444,321,321,134,88,233,363,1.44978016974929
MIN,4,12,65,40,22,3,0,6,16,4,3,1,410,260,260,162,94,166,276,16.0566877560845,10,62,26,33,3,0,13,20,2,0,2,386,300,300,96,102,198,300,1.51803419893888
MIN,5,11,83,41,39,3,1,11,27,3,1,2,449,249,249,201,96,153,271,8.7769258295294,11,52,16,32,4,1,11,20,4,1,3,314,217,217,124,74,143,391,4.54390618254547
MIN,6,12,50,13,36,1,3,9,24,3,0,3,365,343,343,32,137,206,330,-7.80833961223834,12,79,37,40,2,0,10,30,4,0,4,462,371,371,99,171,200,270,12.5653355563931
MIN,8,7,49,34,14,1,0,3,11,4,3,1,324,160,160,173,131,29,25,18.8787446902716,8,65,24,41,1,0,14,27,3,0,3,400,291,291,109,125,166,334,11.5004918146878
MIN,9,11,55,34,20,1,0,7,13,5,2,3,487,220,220,275,114,106,217,15.2218715040945,12,73,27,45,2,3,11,31,2,0,2,421,305,305,129,167,138,273,-7.00496168915782
MIN,10,13,70,33,36,1,1,10,25,2,0,2,385,292,292,99,147,145,296,-2.36310501118329,10,49,17,31,2,1,14,16,0,0,0,149,124,124,41,59,65,231,-21.4444627736796
MIN,11,10,61,29,30,2,0,8,22,4,1,3,430,314,314,125,136,178,262,5.41505877918098,11,64,31,32,1,1,9,22,4,1,3,376,203,203,180,80,123,206,5.52432960067375
MIN,12,11,70,24,45,2,0,11,34,5,0,3,387,307,307,96,78,229,366,-1.50042588841385,9,63,28,36,0,1,16,19,1,0,1,374,267,267,107,135,132,303,2.42791393507046
MIN,13,16,85,38,43,4,1,14,28,4,0,3,420,305,305,145,147,158,328,-9.89228524081699,14,68,25,42,2,2,12,28,2,1,1,390,280,280,124,92,188,351,-6.71149809743941
MIN,14,8,76,33,37,6,0,13,24,2,1,1,335,225,225,162,126,99,248,11.2204883032816,9,48,26,23,0,0,8,15,3,1,2,303,196,196,107,57,139,228,7.24945137638276
MIN,15,10,65,28,35,3,1,10,24,3,1,2,407,271,271,158,144,127,206,1.51772240756385,10,64,42,21,1,1,5,15,3,2,1,397,202,202,199,99,103,167,8.70837453150022
MIN,16,11,60,17,41,2,0,14,27,5,2,3,364,291,291,90,164,127,191,10.7950150001561,11,73,45,28,0,2,5,21,7,7,0,583,319,319,264,149,170,259,26.1718900857507
MIN,17,11,74,31,40,3,0,12,28,5,2,3,508,405,405,125,210,195,271,19.3808211534387,9,54,22,31,1,1,10,20,5,2,3,417,293,293,129,83,210,443,17.431505919275
NOR,1,13,66,34,31,1,0,12,19,3,1,2,271,198,198,82,116,82,166,-14.2161159242621,13,65,26,36,3,2,11,23,4,1,2,310,239,239,86,90,149,292,-9.40734760073018
NOR,2,9,57,19,38,0,1,11,26,3,2,1,424,312,312,112,213,99,196,10.2065857194792,9,76,35,38,3,0,10,28,4,1,3,377,284,284,116,147,137,265,8.81366499221312
NOR,3,10,57,20,36,2,0,7,29,3,0,3,397,288,288,122,163,125,152,6.85088473479483,10,59,26,32,1,0,11,21,4,1,3,369,283,283,98,151,132,288,9.29927822878195
NOR,4,9,69,42,25,2,1,5,19,5,3,2,392,246,246,164,90,156,233,17.2745078731095,9,56,22,31,3,1,13,17,4,1,3,281,206,206,90,75,131,325,2.64845391747076
NOR,5,13,75,25,48,2,1,14,33,3,2,1,408,325,325,95,100,225,327,-2.98069205617314,14,68,32,33,3,0,14,19,4,0,4,345,259,259,111,98,161,379,0.679783244683818
NOR,7,7,66,29,37,1,0,7,30,3,1,2,415,287,287,138,138,149,177,13.91244009557,6,43,14,28,1,0,5,23,3,1,2,283,254,254,37,158,96,186,12.7855251687071
NOR,8,13,72,30,41,1,0,10,31,2,0,2,394,280,280,122,169,111,190,4.62922000057764,11,69,23,41,5,1,12,28,2,0,2,329,272,272,96,64,208,326,-5.55754180285621
NOR,9,11,73,37,35,1,0,6,29,5,1,4,420,282,282,138,123,159,179,12.082779537118,11,46,5,38,3,3,13,22,0,0,0,194,209,209,8,80,129,365,-24.5691554165214
NOR,10,13,56,30,23,3,0,9,14,3,2,1,237,139,139,114,116,23,103,-5.99398587846089,11,66,25,39,2,2,13,24,1,0,1,281,247,247,49,121,126,264,-12.7158531513844
NOR,11,10,62,36,23,3,0,5,18,3,3,0,376,233,233,166,103,130,142,2.33994362152686,11,59,14,37,8,2,16,19,0,0,0,248,232,232,52,52,180,401,-18.4149381870743
NOR,12,12,63,44,16,3,1,6,9,4,4,0,292,78,78,229,46,32,105,3.03283336563435,12,43,33,9,1,2,6,1,0,0,0,112,13,13,100,16,-3,134,-30.9791021387188
NOR,13,11,75,36,37,2,0,10,27,3,1,2,424,232,232,207,50,182,300,5.6593698640354,12,63,21,39,3,0,20,19,1,0,1,332,273,273,70,56,217,453,-12.7200737892013
NOR,14,11,63,20,38,5,1,9,28,3,1,2,358,291,291,96,113,178,253,3.53176704605064,12,65,36,30,0,0,13,17,3,2,1,413,167,167,246,120,47,175,0.716372100897948
NOR,15,13,52,17,34,1,1,18,15,4,1,3,285,234,234,60,139,95,272,-6.1176975913113,13,92,41,47,4,0,21,26,4,1,3,411,254,254,179,128,126,422,1.99071089524393
NOR,16,11,73,45,28,0,2,5,21,7,7,0,583,319,319,264,149,170,259,26.1718900857507,11,60,17,41,2,0,14,27,5,2,3,364,291,291,90,164,127,191,10.7950150001561
NOR,17,12,64,30,32,2,0,10,22,4,1,3,347,201,201,156,83,118,201,10.3278028888712,11,60,20,37,3,5,14,18,1,1,0,320,271,271,74,46,225,502,-24.1238312530331
NWE,1,9,63,42,19,2,0,4,15,3,3,0,357,155,155,217,88,67,101,10.1845417748055,9,58,27,30,1,3,7,20,1,1,0,269,191,191,87,59,132,251,-11.0515667284151
NWE,2,10,70,25,44,1,1,13,30,3,2,1,464,397,397,67,126,271,351,14.3598362682771,10,61,30,28,2,1,6,21,6,0,5,429,288,288,154,133,155,258,13.0279964357615
NWE,3,11,68,38,28,2,1,10,17,3,2,1,406,162,162,250,126,36,129,7.16110209839547,11,56,22,32,2,0,8,24,3,0,2,375,261,261,126,115,146,247,-4.19188766713568
NWE,4,11,74,35,37,2,3,14,20,2,0,1,357,190,190,185,87,103,296,-15.606473790926,10,55,25,29,1,0,10,19,2,0,2,323,236,236,94,152,84,235,2.85534336928427
NWE,6,11,56,25,27,4,2,6,19,1,1,0,288,195,195,117,136,59,147,-14.6198981404305,11,63,37,24,2,2,12,10,0,0,0,299,189,189,135,50,139,391,-8.0818069328677
NWE,7,9,49,22,25,2,4,6,15,0,0,0,241,162,162,94,72,90,203,-16.2706369534689,9,63,37,25,1,2,3,20,4,4,0,467,277,277,197,184,93,160,24.6607442391325
NWE,8,9,61,34,25,2,0,10,15,2,2,0,349,174,174,188,92,82,143,5.00743375936074,10,57,38,18,1,1,6,11,3,3,0,339,154,154,190,83,71,179,9.09390370224121
NWE,9,9,75,41,35,0,0,8,27,3,3,0,433,274,274,159,106,168,281,16.7163213562685,8,44,18,25,1,1,6,18,3,0,3,322,262,262,65,97,165,315,13.3368052853047
NWE,10,10,59,39,18,1,0,4,14,3,1,2,308,142,142,173,66,76,106,8.80688498482553,9,64,28,34,2,1,9,24,2,0,2,357,249,249,115,145,104,259,3.02975739122539
NWE,11,10,66,24,40,2,0,14,26,2,1,1,435,365,365,86,193,172,239,10.6442432842319,9,56,19,37,0,0,9,28,3,1,2,399,344,344,55,167,177,314,15.9349056659096
NWE,12,9,50,30,18,3,2,7,9,2,2,0,179,84,84,110,49,35,105,-11.0809231200862,9,70,34,34,2,1,10,23,2,2,0,298,170,170,138,75,95,229,-4.41669906382177
NWE,13,10,66,43,22,1,0,8,14,4,2,2,291,130,130,165,76,54,154,1.68696541304988,11,70,15,53,3,2,25,26,0,0,0,258,209,209,70,129,80,324,-26.3004576223477
NWE,14,12,59,29,23,6,1,8,14,1,0,0,220,146,146,107,50,96,142,-31.8721788535978,11,62,36,25,1,1,8,16,2,1,1,318,137,137,186,74,63,114,-1.76151837366736
NWE,15,8,52,22,27,3,0,10,17,0,0,0,303,209,209,117,87,122,227,-5.15618597748311,9,70,42,26,2,1,5,20,3,3,0,383,145,145,250,77,68,98,12.5292002762819
NWE,16,9,48,24,21,3,0,12,9,1,1,0,201,78,78,145,46,32,176,-7.4010582546898,10,71,31,40,0,0,10,30,5,1,4,474,344,344,130,142,202,397,26.7264634260957
NWE,17,10,63,29,31,3,0,9,22,4,0,4,404,261,261,166,134,127,195,15.723950252228,11,62,25,34,3,2,9,23,2,1,1,350,266,266,111,157,109,241,2.20935025019571
NYG,1,11,64,20,41,3,2,13,26,2,0,2,291,279,279,29,116,163,232,-8.23558624320648,10,64,30,32,2,0,11,21,3,0,3,349,229,229,141,105,124,221,9.7212849943946
NYG,2,10,60,18,40,4,1,14,25,1,1,0,295,241,241,75,80,161,254,-6.41303406286804,9,64,32,28,4,2,8,18,2,0,2,304,190,190,135,71,119,239,-0.980402828860594
NYG,3,8,49,15,32,2,1,14,17,0,0,0,231,179,179,66,39,140,284,-15.7662458534538,9,73,35,36,2,0,11,25,4,3,1,420,343,343,93,141,202,284,23.2986767593655
NYG,4,10,66,25,36,5,1,12,23,0,0,0,295,190,190,136,118,72,209,-11.6070724516497,10,57,23,32,2,0,7,25,2,1,1,240,200,200,58,118,82,196,-5.41706267596196
NYG,5,10,62,27,33,2,0,13,20,3,2,0,300,222,222,89,111,111,194,-0.899922010748066,10,64,29,33,2,1,8,24,4,2,1,402,288,288,126,103,185,237,1.8694807697597
NYG,6,8,46,26,19,1,1,6,12,1,0,1,240,112,112,132,38,74,151,-3.1138470019196,8,69,24,42,3,1,10,31,3,0,2,337,280,280,86,149,131,244,0.556953816752615
NYG,7,13,55,22,30,3,1,9,20,3,1,2,325,187,187,160,97,90,180,-2.91631651186617,13,72,26,43,3,1,17,25,3,1,2,442,359,359,96,115,244,374,1.54338619558248
NYG,8,11,69,24,42,3,2,14,26,3,1,2,357,274,274,101,140,134,320,3.32679842681486,11,66,24,40,2,0,12,28,2,0,2,344,279,279,81,94,185,364,1.41716950881209
NYG,9,12,74,35,34,5,0,11,23,2,1,1,350,212,212,166,90,122,181,0.00287832247929942,10,50,9,39,2,3,7,29,2,1,1,402,387,387,37,277,110,147,-0.495871513730271
NYG,10,11,67,36,28,3,0,7,21,3,3,0,382,244,244,151,59,185,237,10.7169812330094,10,63,23,37,3,0,16,21,2,2,0,346,208,208,156,79,129,338,4.35675139747608
NYG,12,12,80,42,38,0,0,16,22,1,1,0,386,244,244,142,57,187,323,0.616530607479613,11,46,15,29,2,1,11,17,1,0,1,155,136,136,40,78,58,202,-17.3638815960574
NYG,13,12,55,31,22,2,1,8,13,2,1,1,290,105,105,190,28,77,184,-5.04285276845664,12,70,22,43,5,1,15,27,1,0,1,327,263,263,111,108,155,380,-17.0218490498939
NYG,14,11,49,17,24,8,0,11,13,1,1,0,159,145,145,78,30,115,271,-18.217250880145,13,79,43,35,1,0,11,24,2,1,1,390,244,244,159,128,116,191,1.35207560102261
NYG,15,8,54,21,32,1,0,13,19,0,0,0,288,221,221,74,85,136,298,-3.29639302828516,7,63,30,32,1,0,5,27,3,1,2,392,297,297,106,107,190,235,16.4707759629819
NYG,16,8,59,12,41,6,0,17,24,1,0,1,269,252,252,54,108,144,386,-3.17383364524508,9,65,40,26,0,0,9,17,3,1,2,432,183,183,249,66,117,181,15.2976411251545
NYG,17,12,55,28,25,2,1,7,17,3,1,2,336,229,229,125,68,161,287,-1.44524572550171,12,80,27,47,6,1,17,29,1,1,0,307,244,244,108,126,118,258,-8.07703839581653
NYJ,1,11,51,15,35,3,1,13,21,2,1,1,254,215,215,52,139,76,257,-8.44052137347792,11,81,32,46,3,0,13,33,3,1,2,404,312,312,98,137,175,279,0.67607813361907
NYJ,2,11,62,29,32,1,0,11,21,1,0,1,277,179,179,104,99,80,144,-12.1214304269697,11,59,29,27,3,1,4,22,4,2,2,359,202,202,182,125,77,134,10.363353594207
NYJ,3,11,60,29,29,2,3,9,17,3,0,1,260,168,168,109,122,46,182,-25.4692773325369,10,56,31,25,0,0,6,19,2,1,1,353,234,234,119,119,115,143,3.39923470039312
NYJ,4,11,74,24,44,6,0,19,25,1,1,0,321,246,246,129,68,178,439,-12.2458982709982,13,63,32,31,0,3,9,19,5,2,2,359,242,242,117,60,182,302,-2.08697217285232
NYJ,5,10,64,28,33,3,0,15,18,1,0,1,285,195,195,123,95,100,322,-8.60954617960283,11,67,30,37,1,1,9,27,4,3,1,496,380,380,127,152,228,336,15.0281424925184
NYJ,6,14,69,22,44,3,1,22,21,0,0,0,263,186,186,115,98,88,396,-22.5138312031056,14,56,25,29,2,2,7,20,3,0,3,302,200,200,110,115,85,220,-4.14765052245041
NYJ,7,9,51,22,23,6,2,9,12,1,1,0,191,120,120,100,39,81,149,-13.1928910551042,10,72,27,43,2,0,13,30,0,0,0,422,307,307,126,172,135,308,5.3040840992894
NYJ,8,11,55,25,30,1,0,12,18,0,0,0,221,133,133,93,74,59,193,-13.3308199959849,10,67,20,47,0,0,12,35,5,0,5,496,446,446,50,213,233,403,19.8689796125982
NYJ,9,8,44,18,25,1,1,6,18,3,0,3,322,262,262,65,97,165,315,13.3368052853047,9,75,41,35,0,0,8,27,3,3,0,433,274,274,159,106,168,281,16.7163213562685
NYJ,11,10,55,24,30,1,1,14,15,5,2,2,292,205,205,96,44,161,384,-2.29754061199492,10,78,26,49,3,0,12,37,3,0,3,376,366,366,29,170,196,328,3.29228516614839
NYJ,12,11,53,23,27,3,2,9,16,0,0,0,260,197,197,87,79,118,317,-18.154450616993,11,68,25,39,4,0,15,24,2,0,2,345,257,257,104,104,153,275,-7.91748779269711
NYJ,13,12,60,34,23,3,1,8,14,4,2,2,376,186,186,206,116,70,201,5.03074372705305,12,73,25,47,2,1,18,28,4,1,3,440,381,381,72,170,211,499,2.72980458803669
NYJ,14,11,52,23,26,3,0,12,14,0,0,0,185,132,132,69,45,87,245,-17.4347451594909,11,69,36,32,1,1,6,25,5,1,4,410,239,239,174,105,134,227,14.122451684649
NYJ,15,11,64,31,31,2,0,9,22,2,1,1,289,207,207,93,119,88,143,-1.39798651427289,11,56,19,34,3,1,11,22,2,0,2,303,209,209,114,114,95,199,-14.786544826499
NYJ,16,13,69,34,33,2,0,16,17,3,0,3,333,218,218,131,125,93,318,-1.1067459878099,13,73,18,53,4,0,25,28,2,2,0,299,285,285,45,120,165,412,-10.2430744712267
NYJ,17,11,62,25,34,3,2,9,23,2,1,1,350,266,266,111,157,109,241,2.20935025019571,10,63,29,31,3,0,9,22,4,0,4,404,261,261,166,134,127,195,15.723950252228
PHI,1,15,67,17,42,8,2,16,24,2,0,2,265,270,270,57,113,157,520,-20.490868219298,15,70,36,31,3,0,14,17,3,2,1,239,178,178,80,95,83,248,-13.8583592254766
PHI,2,10,69,26,43,0,2,15,26,2,2,0,363,242,242,121,111,131,281,-5.53622275509683,10,67,39,27,1,0,7,20,5,2,3,449,267,267,191,109,158,221,25.7395186623969
PHI,3,13,86,36,47,3,2,16,29,2,1,1,378,225,225,172,104,121,353,-3.34543988342046,14,69,17,44,8,0,13,31,2,0,2,295,312,312,39,123,189,390,-0.121846539050719
PHI,4,10,59,28,28,3,1,9,18,2,1,1,267,193,193,93,111,82,159,-5.59392710389992,12,69,20,45,5,2,11,32,4,2,1,417,338,338,116,168,170,259,-5.11713382782182
PHI,5,10,57,16,36,5,2,13,21,4,2,2,336,276,276,94,63,213,474,7.26093446249697,10,67,32,34,1,0,7,27,5,2,3,367,239,239,136,138,101,196,14.0285337628402
PHI,6,14,64,18,40,6,0,19,21,4,1,2,364,213,213,194,61,152,369,-6.88884823169792,14,67,37,27,3,0,11,16,3,2,1,355,186,186,182,88,98,186,2.10263889008465
PHI,7,13,72,26,43,3,1,17,25,3,1,2,442,359,359,96,115,244,374,1.54338619558248,13,55,22,30,3,1,9,20,3,1,2,325,187,187,160,97,90,180,-2.91631651186617
PHI,8,11,58,26,28,4,2,10,16,2,0,2,222,132,132,119,32,100,304,-18.2852819958353,12,78,35,40,4,0,19,21,1,0,0,265,180,180,133,120,60,313,-27.019778466643
PHI,10,10,63,23,37,3,0,16,21,2,2,0,346,208,208,156,79,129,338,4.35675139747608,11,67,36,28,3,0,7,21,3,3,0,382,244,244,151,59,185,237,10.7169812330094
PHI,11,13,65,25,35,5,2,12,21,3,0,2,315,235,235,106,105,130,244,-15.5197259688032,13,64,40,22,3,0,10,12,1,1,0,324,204,204,137,42,162,260,-13.1282878817068
PHI,12,11,65,14,46,6,1,19,26,2,0,2,250,221,221,70,110,111,330,-11.9475640435261,12,63,30,31,2,0,9,22,2,1,1,301,230,230,76,89,141,247,-3.65713374317022
PHI,13,9,59,25,27,7,1,15,11,1,0,1,278,188,188,117,35,153,269,-6.1698516776464,10,61,25,34,2,0,9,25,4,1,3,437,295,295,149,133,162,364,18.2948422157837
PHI,14,12,65,36,30,0,0,13,17,3,2,1,413,167,167,246,120,47,175,0.716372100897948,11,63,20,38,5,1,9,28,3,1,2,358,291,291,96,113,178,253,3.53176704605064
PHI,15,13,79,29,44,6,0,20,24,4,1,3,422,338,338,117,173,165,477,3.37998574369703,13,68,30,37,1,1,8,28,4,1,3,526,432,432,103,177,255,364,1.14437824287283
PHI,16,13,70,29,39,3,2,16,21,2,1,1,477,342,342,151,129,213,376,-4.73524353820254,13,66,34,30,2,1,7,22,4,1,3,513,377,377,151,225,152,238,10.243969595457
PHI,17,13,65,29,33,3,2,18,13,2,2,0,216,119,119,118,43,76,276,-19.6181989437318,12,62,27,32,3,2,8,22,2,0,2,248,162,162,103,97,65,101,-13.1440761524052
PIT,1,10,64,30,32,2,0,11,21,3,0,3,349,229,229,141,105,124,221,9.7212849943946,11,64,20,41,3,2,13,26,2,0,2,291,279,279,29,116,163,232,-8.23558624320648
PIT,2,14,64,22,41,1,1,11,29,3,1,2,410,311,311,109,168,143,233,-9.93728437296363,13,72,26,39,7,1,19,19,2,0,2,319,276,276,104,61,215,515,-14.6954601443933
PIT,3,11,76,38,36,2,0,13,23,3,1,2,387,237,237,169,140,97,323,4.91600769985419,10,47,15,27,5,1,7,19,3,1,2,260,264,264,29,82,182,285,2.06127261323854
PIT,5,10,67,32,34,1,0,7,27,5,2,3,367,239,239,136,138,101,196,14.0285337628402,10,57,16,36,5,2,13,21,4,2,2,336,276,276,94,63,213,474,7.26093446249697
PIT,6,12,62,37,23,2,0,8,15,4,3,1,277,168,168,129,71,97,172,5.1106433303011,12,54,22,28,4,2,11,15,2,0,1,220,165,165,75,86,79,144,-27.8055603547837
PIT,7,11,74,25,49,0,3,14,32,3,1,2,362,268,268,94,158,110,266,8.856327193417,10,56,23,31,2,0,13,18,3,1,2,292,220,220,82,108,112,265,2.21606304447499
PIT,8,10,50,16,32,2,0,11,21,3,1,2,221,182,182,48,93,89,232,-0.773356106539723,12,78,47,28,4,2,13,13,4,1,2,457,208,208,265,77,131,232,-5.87132205742904
PIT,9,11,63,18,45,0,0,14,31,3,0,3,355,309,309,46,185,124,328,2.50526719444685,11,70,31,38,2,1,16,21,1,0,1,364,243,243,144,52,191,348,-8.99498267971402
PIT,10,14,66,20,46,0,0,19,27,4,0,4,377,333,319,44,138,181,431,4.32706089899134,14,64,21,40,4,0,19,21,1,0,1,324,213,213,139,107,106,343,-13.5804644223181
PIT,11,13,73,27,46,0,1,13,32,3,1,2,373,267,267,106,111,156,372,2.4483844425567,12,56,17,37,2,4,17,16,0,0,0,206,151,151,73,59,92,335,-24.6795051177683
PIT,12,10,71,20,51,0,1,14,36,1,0,1,334,266,266,68,135,131,241,-8.41456581584378,12,49,28,18,3,1,8,9,3,1,1,219,110,110,129,83,27,136,-18.6349222430727
PIT,13,13,67,14,53,0,1,19,33,2,0,2,326,305,305,21,149,156,325,-10.4179680973558,13,70,21,46,3,0,15,31,2,1,1,318,296,296,45,168,128,265,-5.76439661623223
PIT,14,13,55,17,37,1,2,14,21,3,0,2,224,187,187,47,116,71,242,-17.1121234553866,12,71,27,43,1,1,18,24,2,0,2,334,238,238,104,130,108,455,-10.003859447597
PIT,15,14,62,23,38,1,1,17,20,2,1,1,244,170,170,86,105,65,307,-20.4226350303688,14,56,41,13,2,0,6,7,3,2,1,230,89,89,152,24,65,179,-6.37100674350278
PIT,16,13,64,14,49,1,0,15,34,4,1,3,354,341,341,22,134,207,345,-0.523962571809534,12,67,28,34,5,1,12,21,3,2,1,365,270,270,127,131,139,379,0.210309091722593
PIT,17,9,65,20,44,1,1,17,26,2,0,2,394,317,317,85,108,209,418,8.30087341057722,10,62,31,27,4,0,10,17,3,2,1,358,196,196,192,60,136,258,8.62835966832346
SEA,1,11,58,20,35,3,0,4,31,5,1,4,383,322,322,84,160,162,205,18.4017207008825,12,77,21,54,2,1,16,37,3,1,2,506,450,450,72,106,344,524,0.0357722726256862
SEA,2,10,61,30,28,2,1,6,21,6,0,5,429,288,288,154,133,155,258,13.0279964357615,10,70,25,44,1,1,13,30,3,2,1,464,397,397,67,126,271,351,14.3598362682771
SEA,3,14,70,26,40,4,0,13,27,5,0,5,412,315,315,117,74,241,394,4.04133697159705,14,80,21,57,2,2,18,37,4,1,3,522,472,472,61,186,286,458,11.6874719820121
SEA,4,10,62,26,34,2,1,9,24,4,2,2,441,360,360,98,168,192,305,12.428946404761,9,69,22,45,1,2,14,29,1,1,0,415,315,315,103,139,176,341,3.5073298531316
SEA,5,11,52,16,32,4,1,11,20,4,1,3,314,217,217,124,74,143,391,4.54390618254547,11,83,41,39,3,1,11,27,3,1,2,449,249,249,201,96,153,271,8.7769258295294
SEA,7,12,82,30,50,2,3,14,33,4,1,3,572,388,388,200,158,230,451,9.32294774641612,13,77,33,48,0,1,13,34,4,1,3,519,360,360,159,175,185,387,5.53705152218454
SEA,8,11,67,28,37,2,0,10,27,5,1,4,350,261,261,101,128,133,260,16.0731528599512,10,66,22,41,3,1,11,29,4,2,2,351,322,322,52,114,208,291,13.8695131346467
SEA,9,11,63,17,41,5,2,11,28,4,2,2,419,390,390,57,145,245,380,1.52571487860389,12,64,19,38,7,0,7,31,5,2,3,420,415,415,34,194,221,341,13.9748913058027
SEA,10,10,65,22,37,6,2,13,22,1,1,0,333,248,248,113,143,105,367,-11.967824542338,10,69,29,37,3,0,10,27,3,3,0,389,302,302,106,162,140,277,4.25814868322099
SEA,11,10,62,31,28,3,0,5,23,3,1,2,347,197,197,165,101,96,188,12.5306076525639,9,63,18,42,3,0,13,29,3,1,2,314,269,269,57,136,133,284,8.40316951996647
SEA,12,12,63,30,31,2,0,9,22,2,1,1,301,230,230,76,89,141,247,-3.65713374317022,11,65,14,46,6,1,19,26,2,0,2,250,221,221,70,110,111,330,-11.9475640435261
SEA,13,12,70,22,43,5,1,15,27,1,0,1,327,263,263,111,108,155,380,-17.0218490498939,12,55,31,22,2,1,8,13,2,1,1,290,105,105,190,28,77,184,-5.04285276845664
SEA,14,11,69,36,32,1,1,6,25,5,1,4,410,239,239,174,105,134,227,14.122451684649,11,52,23,26,3,0,12,14,0,0,0,185,132,132,69,45,87,245,-17.4347451594909
SEA,15,10,53,26,27,0,1,8,18,2,1,1,302,121,121,181,59,62,139,3.76955474222094,10,79,20,55,4,2,15,38,2,1,1,353,295,295,84,139,156,368,1.20909555938797
SEA,16,11,60,24,32,5,0,12,20,2,1,1,292,225,225,95,82,143,318,-1.02585024830289,10,75,29,43,3,1,18,24,0,0,0,334,234,234,118,78,156,283,-10.0790126684489
SEA,17,12,65,27,36,2,0,16,20,3,1,2,280,181,181,121,114,67,324,3.80829611138869,11,64,24,37,3,0,12,25,2,1,1,328,273,273,86,102,171,288,-0.956800856669305
SFO,1,11,61,25,33,3,0,14,19,2,0,2,366,259,259,123,161,98,220,-2.83265634431391,12,77,36,40,2,1,13,26,3,2,1,404,230,230,180,133,97,192,5.91689875710502
SFO,2,11,59,29,27,3,1,4,22,4,2,2,359,202,202,182,125,77,134,10.363353594207,11,62,29,32,1,0,11,21,1,0,1,277,179,179,104,99,80,144,-12.1214304269697
SFO,3,9,73,35,36,2,0,11,25,4,3,1,420,343,343,93,141,202,284,23.2986767593655,8,49,15,32,2,1,14,17,0,0,0,231,179,179,66,39,140,284,-15.7662458534538
SFO,4,12,69,20,45,5,2,11,32,4,2,1,417,338,338,116,168,170,259,-5.11713382782182,10,59,28,28,3,1,9,18,2,1,1,267,193,193,93,111,82,159,-5.59392710389992
SFO,5,11,59,19,35,5,2,17,16,2,1,1,259,171,171,131,93,78,316,-17.9315514086924,12,63,33,28,2,0,6,22,4,1,3,436,350,350,94,141,209,268,16.695356219608
SFO,6,11,70,37,33,0,0,10,23,3,0,3,390,268,268,122,223,45,145,7.76758744766241,10,57,19,38,0,1,18,19,2,0,2,311,198,194,113,51,143,455,1.06432640062545
SFO,7,9,63,37,25,1,2,3,20,4,4,0,467,277,277,197,184,93,160,24.6607442391325,9,49,22,25,2,4,6,15,0,0,0,241,162,162,94,72,90,203,-16.2706369534689
SFO,8,10,66,22,41,3,1,11,29,4,2,2,351,322,322,52,114,208,291,13.8695131346467,11,67,28,37,2,0,10,27,5,1,4,350,261,261,101,128,133,260,16.0731528599512
SFO,9,10,53,17,35,1,1,12,22,2,1,1,337,291,291,55,197,94,224,-3.86743061587318,11,63,31,31,1,0,6,25,4,0,4,405,305,305,111,131,174,229,17.673942271157
SFO,10,11,66,25,39,2,2,13,24,1,0,1,281,247,247,49,121,126,264,-12.7158531513844,13,56,30,23,3,0,9,14,3,2,1,237,139,139,114,116,23,103,-5.99398587846089
SFO,12,15,70,33,35,2,1,10,24,2,1,0,345,252,252,112,175,77,172,-22.087765133028,15,61,28,31,2,2,10,19,2,1,0,308,198,198,126,125,73,256,-28.5097990275099
SFO,13,9,60,21,39,0,2,11,26,3,0,3,402,316,316,86,133,183,266,2.03867987079536,10,68,27,40,1,0,8,32,4,0,4,449,375,375,81,129,246,294,10.8098971713787
SFO,14,16,76,27,45,4,1,19,25,4,1,1,344,260,257,108,128,129,268,-30.3068102660473,14,62,28,32,2,1,16,15,0,0,0,193,108,108,98,61,47,197,-17.9149228977634
SFO,15,14,81,36,43,2,2,15,26,4,1,3,458,319,319,150,120,199,334,6.85432198270269,13,58,22,34,2,0,14,20,4,2,2,291,221,221,87,148,73,206,0.262911938948368
SFO,16,12,55,30,22,3,0,9,13,3,0,3,398,182,182,227,109,73,145,8.53802396439496,12,79,27,50,3,1,18,31,1,1,0,350,247,247,120,96,151,406,-13.5609999160416
SFO,17,11,64,24,37,3,0,12,25,2,1,1,328,273,273,86,102,171,288,-0.956800856669305,12,65,27,36,2,0,16,20,3,1,2,280,181,181,121,114,67,324,3.80829611138869
TAM,1,13,65,26,36,3,2,11,23,4,1,2,310,239,239,86,90,149,292,-9.40734760073018,13,66,34,31,1,0,12,19,3,1,2,271,198,198,82,116,82,166,-14.2161159242621
TAM,2,11,57,22,35,0,1,11,23,4,3,1,339,217,217,122,110,107,234,-1.12440805833993,12,71,24,42,5,2,7,33,2,2,0,427,367,367,87,149,218,309,-10.2921183104645
TAM,3,12,65,25,38,2,0,13,25,3,0,3,353,297,297,68,111,186,311,9.19952946687413,11,59,14,39,6,2,12,25,1,0,1,226,229,229,42,92,137,262,-16.252187008178
TAM,4,12,73,27,46,0,1,15,30,6,0,5,484,369,369,115,109,260,431,11.016513840862,11,50,23,25,2,1,4,20,3,0,3,324,290,290,46,161,129,193,5.87063287713512
TAM,5,11,64,20,41,3,0,16,25,1,0,1,339,253,253,106,100,153,383,-0.831128057525932,11,59,14,42,3,1,11,30,2,1,1,243,243,243,35,91,152,333,-8.95771112273665
TAM,6,11,63,35,28,0,0,11,17,4,2,2,324,166,166,158,72,94,231,3.29159127735631,12,61,21,35,5,2,17,16,2,1,0,201,160,160,94,81,79,298,-18.248785998928
TAM,7,10,68,25,45,0,0,12,33,6,2,4,454,369,369,85,134,235,399,23.8104342650284,11,63,24,36,3,1,11,24,2,0,2,347,284,284,76,137,147,315,-6.76420672713412
TAM,8,11,66,24,40,2,0,12,28,2,0,2,344,279,279,81,94,185,364,1.41716950881209,11,69,24,42,3,2,14,26,3,1,2,357,274,274,101,140,134,320,3.32679842681486
TAM,9,11,46,5,38,3,3,13,22,0,0,0,194,209,209,8,80,129,365,-24.5691554165214,11,73,37,35,1,0,6,29,5,1,4,420,282,282,138,123,159,179,12.082779537118
TAM,10,11,77,37,39,1,0,11,28,5,2,3,544,341,341,210,168,173,324,27.4323902477256,11,47,16,28,3,1,7,20,3,1,2,187,148,148,65,79,69,195,-10.4362221576585
TAM,11,12,67,18,48,1,2,20,26,3,1,2,251,216,216,42,83,133,420,-13.5034912369292,13,70,20,51,0,2,10,39,3,0,3,413,376,376,37,200,176,265,1.49528747907176
TAM,12,11,55,13,41,1,2,12,27,3,0,3,417,345,345,75,141,204,392,8.00276279963203,11,72,20,50,2,0,13,37,3,0,3,543,462,462,87,156,306,486,17.504607604342
TAM,14,9,48,26,23,0,0,8,15,3,1,2,303,196,196,107,57,139,228,7.24945137638276,8,76,33,37,6,0,13,24,2,1,1,335,225,225,162,126,99,248,11.2204883032816
TAM,15,12,66,18,45,3,0,14,31,4,2,2,416,390,390,51,195,195,349,10.311305760344,11,65,13,49,3,0,15,34,3,0,3,369,356,356,37,119,237,431,1.82450555506437
TAM,16,13,70,26,42,2,0,11,31,7,1,6,588,491,491,111,162,329,467,24.7394347501845,12,50,15,31,4,1,9,21,0,0,0,186,152,152,73,89,63,166,-29.5470478410134
TAM,17,10,63,22,41,1,1,14,26,5,1,4,485,399,399,94,184,215,447,21.1962031630622,9,71,26,44,1,0,15,29,3,1,2,385,265,265,127,125,140,227,4.7491003328495
TEN,1,10,78,34,43,1,0,14,29,2,0,2,377,249,249,130,96,153,266,8.17215465594378,11,59,26,33,0,0,11,22,2,1,1,323,216,216,107,133,83,303,-5.00688332249411
TEN,2,10,59,34,24,1,0,6,18,4,0,4,354,239,239,123,89,150,191,13.7949375807395,9,74,27,45,2,2,13,30,4,1,3,480,339,339,165,96,243,393,18.8272862356315
TEN,3,13,73,34,37,2,1,13,23,2,2,0,444,321,321,134,88,233,363,1.44978016974929,13,62,33,27,2,2,9,16,4,1,3,464,251,251,226,121,130,237,3.68119181987083
TEN,5,9,62,34,28,0,0,7,21,6,3,3,334,195,195,139,69,126,181,17.8071033797751,9,69,22,46,1,2,15,29,2,0,2,370,285,285,95,69,216,406,2.38562963777101
TEN,6,11,70,27,41,2,1,10,30,6,2,4,607,366,366,263,158,208,309,28.2019176663246,10,66,27,38,2,0,10,28,5,1,4,412,335,335,92,112,223,334,19.9477509592883
TEN,7,10,56,23,31,2,0,13,18,3,1,2,292,220,220,82,108,112,265,2.21606304447499,11,74,25,49,0,3,14,32,3,1,2,362,268,268,94,158,110,266,8.856327193417
TEN,8,9,60,29,30,1,1,11,18,3,1,2,441,233,233,218,74,159,271,15.3270633249165,8,69,32,37,0,0,11,26,4,2,2,367,249,249,118,73,176,245,18.4312353314369
TEN,9,12,55,31,21,3,0,11,10,2,0,2,228,158,158,92,78,80,215,-6.39912097850112,13,75,20,52,3,0,16,36,3,0,2,375,335,335,56,137,198,320,-12.1591739544716
TEN,10,9,60,32,27,1,0,12,15,2,1,1,294,147,147,157,76,71,197,-3.90883987775479,8,68,29,39,1,0,10,29,3,2,1,430,308,308,133,205,103,192,13.9660994874772
TEN,11,10,68,34,32,2,1,8,23,3,1,2,423,266,266,173,139,127,200,9.98343815808565,10,63,33,29,1,1,11,17,2,1,1,306,186,186,129,104,82,288,6.27265890960525
TEN,12,11,68,45,22,1,0,9,13,5,4,1,449,221,221,229,118,103,153,17.7392766704725,12,67,21,44,2,1,19,24,4,2,2,336,295,295,56,164,131,339,0.982084424904315
TEN,13,12,66,18,45,3,1,15,29,5,1,3,431,389,389,62,132,257,487,2.62118639925029,12,70,36,34,0,0,8,26,5,1,4,458,340,340,118,190,150,212,17.0690360096557
TEN,14,11,65,40,24,1,0,5,19,4,2,2,454,212,212,249,73,139,197,13.1596633393649,11,69,15,54,0,1,22,31,1,0,1,354,263,263,91,129,134,455,-8.91819694672305
TEN,15,10,66,38,27,1,0,6,21,6,3,3,463,273,273,195,131,142,246,30.5990858548661,9,65,27,38,0,1,10,27,3,2,1,430,307,307,123,112,195,353,8.64256070731403
TEN,16,9,55,27,26,2,2,13,11,2,1,1,260,121,121,156,38,83,212,-5.92593287338968,10,63,37,25,1,1,3,21,6,2,4,448,231,231,234,108,123,178,21.3038258685556
TEN,17,11,70,41,27,2,0,9,18,5,4,1,492,216,216,288,62,154,306,19.8104656369693,10,61,17,40,4,1,10,29,4,1,3,457,385,385,96,95,290,416,16.361848181433
WAS,1,15,70,36,31,3,0,14,17,3,2,1,239,178,178,80,95,83,248,-13.8583592254766,15,67,17,42,8,2,16,24,2,0,2,265,270,270,57,113,157,520,-20.490868219298
WAS,2,11,60,23,33,4,0,14,19,2,1,1,316,223,223,117,134,89,283,-2.55418708038306,12,73,32,38,3,1,11,26,3,2,1,438,286,286,160,120,166,352,8.2691633416303
WAS,3,12,62,22,37,3,3,13,21,3,1,2,309,224,224,103,145,79,245,-7.15545575565193,11,62,37,23,2,0,7,16,4,2,2,300,156,156,158,66,90,189,4.57411593228554
WAS,4,11,70,22,45,3,0,13,32,2,2,0,343,314,314,69,204,110,200,-2.15608582458966,11,56,32,23,1,2,6,15,4,2,2,350,208,208,144,54,154,363,12.461636781829
WAS,5,13,52,14,30,8,0,12,18,1,1,0,108,111,111,38,102,9,139,-22.8925733925368,13,66,35,30,1,1,8,21,4,2,2,429,309,309,129,192,117,188,6.75200297429064
WAS,6,8,69,24,42,3,1,10,31,3,0,2,337,280,280,86,149,131,244,0.556953816752615,8,46,26,19,1,1,6,12,1,0,1,240,112,112,132,38,74,151,-3.1138470019196
WAS,7,10,66,39,25,2,0,10,15,3,1,2,397,194,194,208,70,124,197,8.2547389285608,9,54,26,22,6,1,10,11,0,0,0,142,114,114,83,52,62,160,-16.1204588081084
WAS,9,10,50,9,39,2,3,7,29,2,1,1,402,387,387,37,277,110,147,-0.495871513730271,12,74,35,34,5,0,11,23,2,1,1,350,212,212,166,90,122,181,0.00287832247929942
WAS,10,10,83,26,55,2,0,17,38,3,3,0,464,390,390,89,197,193,324,13.088968243082,10,55,21,33,1,0,9,24,3,0,3,372,276,276,105,146,130,218,10.4403085075017
WAS,11,12,61,34,25,2,1,7,17,2,1,1,325,166,166,164,97,69,143,-3.5997010508832,12,66,18,44,4,1,18,25,1,0,1,272,233,233,70,89,144,421,-12.199156522024
WAS,12,11,66,36,27,3,1,6,20,4,3,1,338,177,177,182,82,95,120,2.28134401282405,11,57,18,35,4,1,9,25,2,0,1,247,215,215,60,72,143,209,-28.1638726531906
WAS,13,13,70,21,46,3,0,15,31,2,1,1,318,296,296,45,168,128,265,-5.76439661623223,13,67,14,53,0,1,19,33,2,0,2,326,305,305,21,149,156,325,-10.4179680973558
WAS,14,14,62,28,32,2,1,16,15,0,0,0,193,108,108,98,61,47,197,-17.9149228977634,16,76,27,45,4,1,19,25,4,1,1,344,260,257,108,128,129,268,-30.3068102660473
WAS,15,10,79,20,55,4,2,15,38,2,1,1,353,295,295,84,139,156,368,1.20909555938797,10,53,26,27,0,1,8,18,2,1,1,302,121,121,181,59,62,139,3.76955474222094
WAS,16,11,69,19,47,3,2,19,26,1,0,1,386,291,291,108,170,121,490,-9.48764215855604,12,67,35,28,4,1,8,19,2,1,1,280,197,197,113,66,131,290,-7.04583863657899
WAS,17,12,62,27,32,3,2,8,22,2,0,2,248,162,162,103,97,65,101,-13.1440761524052,13,65,29,33,3,2,18,13,2,2,0,216,119,119,118,43,76,276,-19.6181989437318
